key;prop_keep;prop_keep_pct;quantile;p;terr_num;topo
11;0,495434719395173;49,5434719395173;q50;0,5;1;1
13;0,498202385128025;49,8202385128025;q50;0,5;1;3
21;0,49273469013568;49,273469013568;q50;0,5;2;1
23;0,497973066255005;49,7973066255005;q50;0,5;2;3
24;0,494355208811381;49,4355208811381;q50;0,5;2;4
31;0,496776406035665;49,6776406035665;q50;0,5;3;1
33;0,498538011695907;49,8538011695907;q50;0,5;3;3
41;0,495541999061474;49,5541999061474;q50;0,5;4;1
43;0,494244517145281;49,4244517145281;q50;0,5;4;3
51;0,493937141751764;49,3937141751764;q50;0,5;5;1
53;0,492111825069531;49,2111825069531;q50;0,5;5;3
54;0,499508937340405;49,9508937340405;q50;0,5;5;4
61;0,490790469220942;49,0790469220942;q50;0,5;6;1
63;0,491974199006027;49,1974199006027;q50;0,5;6;3
64;0,490189501928559;49,0189501928559;q50;0,5;6;4
71;0,499425287356322;49,9425287356322;q50;0,5;7;1
73;0,499963875442526;49,9963875442526;q50;0,5;7;3
81;0,493873927717621;49,3873927717621;q50;0,5;8;1
83;0,493641239166346;49,3641239166346;q50;0,5;8;3
84;0,489601250977326;48,9601250977326;q50;0,5;8;4
91;0,492768544987645;49,2768544987645;q50;0,5;9;1
93;0,49387810676917;49,387810676917;q50;0,5;9;3
94;0,490213392200147;49,0213392200147;q50;0,5;9;4
101;0,499206666424427;49,9206666424427;q50;0,5;10;1
103;0,488159998159883;48,8159998159883;q50;0,5;10;3
104;0,494031133607105;49,4031133607105;q50;0,5;10;4
111;0,486997826603729;48,6997826603729;q50;0,5;11;1
113;0,492260736017419;49,2260736017419;q50;0,5;11;3
114;0,499233363998773;49,9233363998773;q50;0,5;11;4
121;0,48580128480475;48,580128480475;q50;0,5;12;1
123;0,494227764980009;49,4227764980009;q50;0,5;12;3
124;0,48892374044305;48,892374044305;q50;0,5;12;4
131;0,491689965827897;49,1689965827897;q50;0,5;13;1
133;0,491162415798261;49,1162415798261;q50;0,5;13;3
141;0,491953171221457;49,1953171221457;q50;0,5;14;1
143;0,491002105167848;49,1002105167848;q50;0,5;14;3
144;0,482493801777832;48,2493801777832;q50;0,5;14;4
151;0,498575280152311;49,8575280152311;q50;0,5;15;1
153;0,49472807991121;49,472807991121;q50;0,5;15;3
161;0,498397916138402;49,8397916138402;q50;0,5;16;1
163;0,497001263965118;49,7001263965118;q50;0,5;16;3
164;0,496238383242366;49,6238383242366;q50;0,5;16;4
171;0,490462558384812;49,0462558384812;q50;0,5;17;1
173;0,499392677424952;49,9392677424952;q50;0,5;17;3
181;0,492748735244519;49,2748735244519;q50;0,5;18;1
183;0,477887617065557;47,7887617065557;q50;0,5;18;3
191;0,499143540077765;49,9143540077765;q50;0,5;19;1
193;0,491971624817025;49,1971624817025;q50;0,5;19;3
194;0,489906832298137;48,9906832298137;q50;0,5;19;4
201;0,493461396379756;49,3461396379756;q50;0,5;20;1
203;0,49532873178554;49,532873178554;q50;0,5;20;3
211;0,48774108322325;48,774108322325;q50;0,5;21;1
213;0,489676075014207;48,9676075014207;q50;0,5;21;3
221;0,498622902410631;49,8622902410631;q50;0,5;22;1
223;0,495817780562897;49,5817780562897;q50;0,5;22;3
224;0,494093686354379;49,4093686354379;q50;0,5;22;4
231;0,486035618901907;48,6035618901907;q50;0,5;23;1
233;0,490290334435869;49,0290334435869;q50;0,5;23;3
234;0,499442710655372;49,9442710655372;q50;0,5;23;4
241;0,498247993670171;49,8247993670171;q50;0,5;24;1
243;0,485862492878774;48,5862492878774;q50;0,5;24;3
244;0,495116603547937;49,5116603547937;q50;0,5;24;4
251;0,484938761999338;48,4938761999338;q50;0,5;25;1
253;0,489795918367347;48,9795918367347;q50;0,5;25;3
261;0,483177245924384;48,3177245924384;q50;0,5;26;1
263;0,478817991631799;47,8817991631799;q50;0,5;26;3
264;0,5;50;q50;0,5;26;4
271;0,498177476118653;49,8177476118653;q50;0,5;27;1
273;0,49361790302528;49,361790302528;q50;0,5;27;3
281;0,498253883086487;49,8253883086487;q50;0,5;28;1
283;0,491039290102983;49,1039290102983;q50;0,5;28;3
284;0,497784627239453;49,7784627239453;q50;0,5;28;4
11;0,293050305321314;29,3050305321314;q70;0,7;1;1
13;0,294151175026307;29,4151175026307;q70;0,7;1;3
21;0,293924184085075;29,3924184085075;q70;0,7;2;1
23;0,294413695294753;29,4413695294753;q70;0,7;2;3
24;0,298393758604865;29,8393758604865;q70;0,7;2;4
31;0,296364883401921;29,6364883401921;q70;0,7;3;1
33;0,292483660130719;29,2483660130719;q70;0,7;3;3
41;0,288852864638881;28,8852864638881;q70;0,7;4;1
43;0,292055414192819;29,2055414192819;q70;0,7;4;3
51;0,299233361501105;29,9233361501105;q70;0,7;5;1
53;0,291131197851731;29,1131197851731;q70;0,7;5;3
54;0,291691219799646;29,1691219799647;q70;0,7;5;4
61;0,291777780534091;29,1777780534091;q70;0,7;6;1
63;0,293179655281802;29,3179655281802;q70;0,7;6;3
64;0,281737380513165;28,1737380513165;q70;0,7;6;4
71;0,296666666666667;29,6666666666667;q70;0,7;7;1
73;0,2995809551333;29,95809551333;q70;0,7;7;3
81;0,292926451975812;29,2926451975812;q70;0,7;8;1
83;0,296497024280962;29,6497024280962;q70;0,7;8;3
84;0,297419859265051;29,7419859265051;q70;0,7;8;4
91;0,296780367265856;29,6780367265856;q70;0,7;9;1
93;0,298564052075369;29,8564052075369;q70;0,7;9;3
94;0,294922737306843;29,4922737306843;q70;0,7;9;4
101;0,288700749730509;28,8700749730509;q70;0,7;10;1
103;0,291394003519223;29,1394003519223;q70;0,7;10;3
104;0,290182408556967;29,0182408556967;q70;0,7;10;4
111;0,299814072740856;29,9814072740856;q70;0,7;11;1
113;0,298411710958611;29,8411710958611;q70;0,7;11;3
114;0,29492486967188;29,492486967188;q70;0,7;11;4
121;0,293156935177496;29,3156935177496;q70;0,7;12;1
123;0,294397225090688;29,4397225090688;q70;0,7;12;3
124;0,295432268182709;29,5432268182709;q70;0,7;12;4
131;0,291239515377446;29,1239515377446;q70;0,7;13;1
133;0,290805457999885;29,0805457999885;q70;0,7;13;3
141;0,297057364656105;29,7057364656105;q70;0,7;14;1
143;0,298710705958822;29,8710705958822;q70;0,7;14;3
144;0,296789018564431;29,6789018564431;q70;0,7;14;4
151;0,295638951712858;29,5638951712858;q70;0,7;15;1
153;0,289868895671476;28,9868895671476;q70;0,7;15;3
161;0,295966744273607;29,5966744273607;q70;0,7;16;1
163;0,29395247830476;29,395247830476;q70;0,7;16;3
164;0,295028765304617;29,5028765304617;q70;0,7;16;4
171;0,285309627843905;28,5309627843905;q70;0,7;17;1
173;0,291445427728614;29,1445427728614;q70;0,7;17;3
181;0,299662731871838;29,9662731871838;q70;0,7;18;1
183;0,297086368366285;29,7086368366285;q70;0,7;18;3
191;0,289496479721765;28,9496479721765;q70;0,7;19;1
193;0,291438651803476;29,1438651803476;q70;0,7;19;3
194;0,295678053830228;29,5678053830228;q70;0,7;19;4
201;0,292180765915528;29,2180765915528;q70;0,7;20;1
203;0,288433382137628;28,8433382137628;q70;0,7;20;3
211;0,290937912813738;29,0937912813738;q70;0,7;21;1
213;0,292384921386626;29,2384921386626;q70;0,7;21;3
221;0,296572872597178;29,6572872597178;q70;0,7;22;1
223;0,290657439446367;29,0657439446367;q70;0,7;22;3
224;0,29735234215886;29,735234215886;q70;0,7;22;4
231;0,29239977989827;29,239977989827;q70;0,7;23;1
233;0,292319000367512;29,2319000367512;q70;0,7;23;3
234;0,297815425769059;29,7815425769059;q70;0,7;23;4
241;0,296522361629178;29,6522361629178;q70;0,7;24;1
243;0,296093070672544;29,6093070672544;q70;0,7;24;3
244;0,294997010165438;29,4997010165438;q70;0,7;24;4
251;0,296259516716319;29,6259516716319;q70;0,7;25;1
253;0,292991615250751;29,2991615250751;q70;0,7;25;3
261;0,288588276101283;28,8588276101283;q70;0,7;26;1
263;0,28347280334728;28,347280334728;q70;0,7;26;3
264;0,274951076320939;27,4951076320939;q70;0,7;26;4
271;0,295311714429362;29,5311714429362;q70;0,7;27;1
273;0,291338582677165;29,1338582677165;q70;0,7;27;3
281;0,295644189940516;29,5644189940516;q70;0,7;28;1
283;0,298587926965865;29,8587926965865;q70;0,7;28;3
284;0,298401078790214;29,8401078790214;q70;0,7;28;4
11;0,241581855190462;24,1581855190462;q75;0,75;1;1
13;0,246536303051561;24,6536303051561;q75;0,75;1;3
21;0,243926475980931;24,3926475980931;q75;0,75;2;1
23;0,245353113194523;24,5353113194523;q75;0,75;2;3
24;0,245525470399266;24,5525470399266;q75;0,75;2;4
31;0,245816186556927;24,5816186556927;q75;0,75;3;1
33;0,244926040591675;24,4926040591675;q75;0,75;3;3
41;0,249605392261422;24,9605392261422;q75;0,75;4;1
43;0,245284542994467;24,5284542994467;q75;0,75;4;3
51;0,243013204915446;24,3013204915446;q75;0,75;5;1
53;0,247890093027717;24,7890093027717;q75;0,75;5;3
54;0,248674130819093;24,8674130819093;q75;0,75;5;4
61;0,243615345496943;24,3615345496943;q75;0,75;6;1
63;0,249656339219626;24,9656339219626;q75;0,75;6;3
64;0,249371121918497;24,9371121918497;q75;0,75;6;4
71;0,245804597701149;24,5804597701149;q75;0,75;7;1
73;0,247164222238278;24,7164222238278;q75;0,75;7;3
81;0,24668647166362;24,668647166362;q75;0,75;8;1
83;0,244608630716662;24,4608630716662;q75;0,75;8;3
84;0,240969507427678;24,0969507427678;q75;0,75;8;4
91;0,249273220601773;24,9273220601773;q75;0,75;9;1
93;0,242885721168449;24,2885721168449;q75;0,75;9;3
94;0,245474613686534;24,5474613686534;q75;0,75;9;4
101;0,247798650727323;24,7798650727323;q75;0,75;10;1
103;0,246081126151511;24,6081126151511;q75;0,75;10;3
104;0,238133893610925;23,8133893610925;q75;0,75;10;4
111;0,243310014602506;24,3310014602506;q75;0,75;11;1
113;0,244938665215109;24,4938665215109;q75;0,75;11;3
114;0,247623428396198;24,7623428396198;q75;0,75;11;4
121;0,241239750675334;24,1239750675334;q75;0,75;12;1
123;0,235377445918394;23,5377445918394;q75;0,75;12;3
124;0,245638110174476;24,5638110174476;q75;0,75;12;4
131;0,246194470332401;24,6194470332401;q75;0,75;13;1
133;0,247740226840924;24,7740226840924;q75;0,75;13;3
141;0,24319769561294;24,319769561294;q75;0,75;14;1
143;0,245192229958058;24,5192229958058;q75;0,75;14;3
144;0,246114772933422;24,6114772933422;q75;0,75;14;4
151;0,244809036429384;24,4809036429384;q75;0,75;15;1
153;0,246219478357381;24,6219478357381;q75;0,75;15;3
161;0,239743973936362;23,9743973936362;q75;0,75;16;1
163;0,241442786491691;24,1442786491691;q75;0,75;16;3
164;0,249594335447706;24,9594335447706;q75;0,75;16;4
171;0,241946662648787;24,1946662648787;q75;0,75;17;1
173;0,240256810688877;24,0256810688877;q75;0,75;17;3
181;0,244182124789207;24,4182124789207;q75;0,75;18;1
183;0,24687825182102;24,687825182102;q75;0,75;18;3
191;0,242505161555045;24,2505161555045;q75;0,75;19;1
193;0,241556881732538;24,1556881732538;q75;0,75;19;3
194;0,24611801242236;24,611801242236;q75;0,75;19;4
201;0,240832409801749;24,0832409801749;q75;0,75;20;1
203;0,245241581259151;24,5241581259151;q75;0,75;20;3
211;0,244623513870542;24,4623513870542;q75;0,75;21;1
213;0,241807160447054;24,1807160447054;q75;0,75;21;3
221;0,247338084556631;24,7338084556631;q75;0,75;22;1
223;0,242350761518132;24,2350761518132;q75;0,75;22;3
224;0,24847250509165;24,847250509165;q75;0,75;22;4
231;0,244930278750788;24,4930278750788;q75;0,75;23;1
233;0,245409775817714;24,5409775817714;q75;0,75;23;3
234;0,244427106553723;24,4427106553723;q75;0,75;23;4
241;0,233563166421763;23,3563166421763;q75;0,75;24;1
243;0,236274774369584;23,6274774369584;q75;0,75;24;3
244;0,248355590990632;24,8355590990632;q75;0,75;24;4
251;0,246607083747104;24,6607083747104;q75;0,75;25;1
253;0,248378421135896;24,8378421135896;q75;0,75;25;3
261;0,23309053069719;23,309053069719;q75;0,75;26;1
263;0,239016736401674;23,9016736401674;q75;0,75;26;3
264;0,249836921069798;24,9836921069798;q75;0,75;26;4
271;0,244532428355958;24,4532428355958;q75;0,75;27;1
273;0,241152092830501;24,1152092830501;q75;0,75;27;3
281;0,248256195824121;24,8256195824121;q75;0,75;28;1
283;0,24639505421012;24,639505421012;q75;0,75;28;3
284;0,249759198612984;24,9759198612984;q75;0,75;28;4
11;0,199360279150916;19,9360279150916;q80;0,8;1;1
13;0,198176078568923;19,8176078568923;q80;0,8;1;3
21;0,19994499449945;19,994499449945;q80;0,8;2;1
23;0,197033020821567;19,7033020821567;q80;0,8;2;3
24;0,197154658100046;19,7154658100046;q80;0,8;2;4
31;0,196707818930041;19,6707818930041;q80;0,8;3;1
33;0,191907464740282;19,1907464740282;q80;0,8;3;3
41;0,196109380999104;19,6109380999104;q80;0,8;4;1
43;0,199079122743245;19,9079122743245;q80;0,8;4;3
51;0,193278423147799;19,3278423147799;q80;0,8;5;1
53;0,197839742974969;19,7839742974969;q80;0,8;5;3
54;0,192103712433707;19,2103712433707;q80;0,8;5;4
61;0,192562916289396;19,2562916289396;q80;0,8;6;1
63;0,192576927143915;19,2576927143915;q80;0,8;6;3
64;0,194029850746269;19,4029850746269;q80;0,8;6;4
71;0,196436781609195;19,6436781609195;q80;0,8;7;1
73;0,198359945090673;19,8359945090673;q80;0,8;7;3
81;0,199892771762059;19,9892771762059;q80;0,8;8;1
83;0,191271978457152;19,1271978457152;q80;0,8;8;3
84;0,189992181391712;18,9992181391712;q80;0,8;8;4
91;0,195103929453946;19,5103929453946;q80;0,8;9;1
93;0,196015794379798;19,6015794379798;q80;0,8;9;3
94;0,191464311994113;19,1464311994113;q80;0,8;9;4
101;0,194142654700047;19,4142654700047;q80;0,8;10;1
103;0,191303147749882;19,1303147749882;q80;0,8;10;3
104;0,19902588100468;19,902588100468;q80;0,8;10;4
111;0,197087139606751;19,7087139606751;q80;0,8;11;1
113;0,196508485779273;19,6508485779273;q80;0,8;11;3
114;0,189895737503833;18,9895737503833;q80;0,8;11;4
121;0,193131162719662;19,3131162719662;q80;0,8;12;1
123;0,197725527576985;19,7725527576985;q80;0,8;12;3
124;0,197020192119192;19,7020192119192;q80;0,8;12;4
131;0,193849021435228;19,3849021435228;q80;0,8;13;1
133;0,194369278599804;19,4369278599804;q80;0,8;13;3
141;0,195161743350086;19,5161743350086;q80;0,8;14;1
143;0,194069958834429;19,4069958834429;q80;0,8;14;3
144;0,191328536010159;19,1328536010159;q80;0,8;14;4
151;0,190426904844047;19,0426904844048;q80;0,8;15;1
153;0,198529411764706;19,8529411764706;q80;0,8;15;3
161;0,199019540044413;19,9019540044413;q80;0,8;16;1
163;0,193802329428332;19,3802329428331;q80;0,8;16;3
164;0,20002950287653;20,002950287653;q80;0,8;16;4
171;0,190869368690674;19,0869368690674;q80;0,8;17;1
173;0,197362484816936;19,7362484816936;q80;0,8;17;3
181;0,195446880269815;19,5446880269815;q80;0,8;18;1
183;0,194328824141519;19,4328824141519;q80;0,8;18;3
191;0,198255817740118;19,8255817740118;q80;0,8;19;1
193;0,193761963742822;19,3761963742822;q80;0,8;19;3
194;0,193193581780538;19,3193581780538;q80;0,8;19;4
201;0,192784139884251;19,2784139884251;q80;0,8;20;1
203;0,193892491110646;19,3892491110646;q80;0,8;20;3
211;0,197305151915456;19,7305151915456;q80;0,8;21;1
213;0,199374881606365;19,9374881606365;q80;0,8;21;3
221;0,195008376160595;19,5008376160595;q80;0,8;22;1
223;0,199465983707054;19,9465983707054;q80;0,8;22;3
224;0,191853360488798;19,1853360488798;q80;0,8;22;4
231;0,195836856303096;19,5836856303096;q80;0,8;23;1
233;0,193281881661154;19,3281881661154;q80;0,8;23;3
234;0,19694605439144;19,694605439144;q80;0,8;23;4
241;0,188312422290042;18,8312422290042;q80;0,8;24;1
243;0,195616323348625;19,5616323348625;q80;0,8;24;3
244;0,189057205501296;18,9057205501296;q80;0,8;24;4
251;0,195961602118504;19,5961602118504;q80;0,8;25;1
253;0,198386331276697;19,8386331276697;q80;0,8;25;3
261;0,185917447103711;18,5917447103711;q80;0,8;26;1
263;0,182008368200837;18,2008368200837;q80;0,8;26;3
264;0,199608610567515;19,9608610567515;q80;0,8;26;4
271;0,19482151835093;19,482151835093;q80;0,8;27;1
273;0,191711562370493;19,1711562370493;q80;0,8;27;3
281;0,197813075293486;19,7813075293486;q80;0,8;28;1
283;0,19277216525115;19,277216525115;q80;0,8;28;3
284;0,199190907339626;19,9190907339626;q80;0,8;28;4
11;0,0965396917708636;9,65396917708636;q90;0,9;1;1
13;0,0979042441248685;9,79042441248685;q90;0,9;1;3
21;0,0969586541987532;9,69586541987532;q90;0,9;2;1
23;0,0967656914793479;9,67656914793479;q90;0,9;2;3
24;0,0981184029371271;9,81184029371271;q90;0,9;2;4
31;0,0949931412894376;9,49931412894376;q90;0,9;3;1
33;0,0995442036463708;9,95442036463708;q90;0,9;3;3
41;0,099270508937332;9,9270508937332;q90;0,9;4;1
43;0,0998828708752373;9,98828708752373;q90;0,9;4;3
51;0,0974435202247992;9,74435202247992;q90;0,9;5;1
53;0,0985782104152681;9,85782104152681;q90;0,9;5;3
54;0,099783932429778;9,9783932429778;q90;0,9;5;4
61;0,0972055120747181;9,72055120747181;q90;0,9;6;1
63;0,0944274082690071;9,44274082690071;q90;0,9;6;3
64;0,0989434848230756;9,89434848230756;q90;0,9;6;4
71;0,0966666666666667;9,66666666666667;q90;0,9;7;1
73;0,0953327071743371;9,53327071743371;q90;0,9;7;3
81;0,099098228097314;9,9098228097314;q90;0,9;8;1
83;0,0976330021950171;9,76330021950171;q90;0,9;8;3
84;0,0986708365910868;9,86708365910868;q90;0,9;8;4
91;0,0970129366732884;9,70129366732884;q90;0,9;9;1
93;0,0981178713197943;9,81178713197943;q90;0,9;9;3
94;0,0987490802060339;9,87490802060339;q90;0,9;9;4
101;0,0976103097028935;9,76103097028935;q90;0,9;10;1
103;0,0985037549884418;9,85037549884418;q90;0,9;10;3
104;0,0976506541877567;9,76506541877567;q90;0,9;10;4
111;0,0971406255306143;9,71406255306143;q90;0,9;11;1
113;0,0999708392464861;9,99708392464861;q90;0,9;11;3
114;0,0953695185525912;9,53695185525912;q90;0,9;11;4
121;0,0966562622299858;9,66562622299858;q90;0,9;12;1
123;0,0951624434029709;9,51624434029709;q90;0,9;12;3
124;0,0990001960399922;9,90001960399922;q90;0,9;12;4
131;0,0949052500776639;9,49052500776639;q90;0,9;13;1
133;0,0934999136392423;9,34999136392423;q90;0,9;13;3
141;0,0996396407164158;9,96396407164158;q90;0,9;14;1
143;0,0995637678300602;9,95637678300602;q90;0,9;14;3
144;0,0992320251557114;9,92320251557114;q90;0,9;14;4
151;0,0995003897215727;9,95003897215727;q90;0,9;15;1
153;0,0962472253052164;9,62472253052164;q90;0,9;15;3
161;0,0973698162790162;9,73698162790162;q90;0,9;16;1
163;0,0993697140384958;9,93697140384958;q90;0,9;16;3
164;0,0930815754536067;9,30815754536067;q90;0,9;16;4
171;0,0956757571191804;9,56757571191804;q90;0,9;17;1
173;0,0994273815720979;9,94273815720979;q90;0,9;17;3
181;0,0962900505902192;9,62900505902192;q90;0,9;18;1
183;0,0975546305931322;9,75546305931322;q90;0,9;18;3
191;0,0997987482007829;9,97987482007829;q90;0,9;19;1
193;0,0942986900874526;9,42986900874526;q90;0,9;19;3
194;0,099120082815735;9,9120082815735;q90;0,9;19;4
201;0,0983376431473956;9,83376431473956;q90;0,9;20;1
203;0,0943665899742034;9,43665899742034;q90;0,9;20;3
211;0,0967503302509908;9,67503302509908;q90;0,9;21;1
213;0,0999242280734988;9,99242280734988;q90;0,9;21;3
221;0,100002839376473;10,0002839376473;q90;0,9;22;1
223;0,0947606462686974;9,47606462686974;q90;0,9;22;3
224;0,0961303462321792;9,61303462321792;q90;0,9;22;4
231;0,0983210532673028;9,83210532673028;q90;0,9;23;1
233;0,0949503858875413;9,49503858875413;q90;0,9;23;3
234;0,0985287561301828;9,85287561301828;q90;0,9;23;4
241;0,0959270562525903;9,59270562525903;q90;0,9;24;1
243;0,0968486702047915;9,68486702047915;q90;0,9;24;3
244;0,0891967311142117;8,91967311142117;q90;0,9;24;4
251;0,0991393578285336;9,91393578285336;q90;0,9;25;1
253;0,099984179718399;9,9984179718399;q90;0,9;25;3
261;0,0960804717308359;9,60804717308359;q90;0,9;26;1
263;0,087081589958159;8,7081589958159;q90;0,9;26;3
264;0,0887149380300065;8,87149380300065;q90;0,9;26;4
271;0,0964052287581699;9,64052287581699;q90;0,9;27;1
273;0,0991711562370493;9,91711562370493;q90;0,9;27;3
281;0,0985110595113648;9,85110595113648;q90;0,9;28;1
283;0,0968849570995139;9,68849570995139;q90;0,9;28;3
284;0,0976690425736852;9,76690425736852;q90;0,9;28;4
