terr_id;n_in_mask;n_eligible;n_keep;n_removed;quantile;area_in_mask_ha;area_eligible_ha;area_keep_ha;area_removed_ha;prop_keep_vs_mask_pct;prop_keep_vs_eligible_pct;prop_eligible_vs_mask_pct
01;242652;241030;119548;121482;q50;2426,52;2410,3;1195,48;1214,82;49,26726340603;49,5988051279924;99,3315530059509
02;1096019;1096019;540427;555592;q50;10960,19;10960,19;5404,27;5555,92;49,3081780516579;49,3081780516579;100
03;53956;52312;25578;26734;q50;539,56;523,12;255,78;267,34;47,4052932018682;48,8950909925065;96,9530728741938
04;222970;221592;109873;111719;q50;2229,7;2215,92;1098,73;1117,19;49,2770327846796;49,5834687172822;99,3819796385164
05;859348;858223;417475;440748;q50;8593,48;8582,23;4174,75;4407,48;48,5804353998613;48,6441169719292;99,8690867960361
06;453406;453395;220494;232901;q50;4534,06;4533,95;2204,94;2329,01;48,6305871558824;48,6317670022828;99,9975739182984
07;58148;57617;28466;29151;q50;581,48;576,17;284,66;291,51;48,9543922404898;49,4055573875766;99,086812960033
08;305872;304613;147194;157419;q50;3058,72;3046,13;1471,94;1574,19;48,1227441544175;48,3216409017343;99,5883899147356
09;74629;71086;35248;35838;q50;746,29;710,86;352,48;358,38;47,230969194281;49,5850097065526;95,2525157780487
10;1004269;1003700;495761;507939;q50;10042,69;10037;4957,61;5079,39;49,3653592812284;49,3933446248879;99,9433418735419
11;60683;59500;29579;29921;q50;606,83;595;295,79;299,21;48,743470164626;49,7126050420168;98,0505248586919
12;114767;113532;56368;57164;q50;1147,67;1135,32;563,68;571,64;49,115163766588;49,6494380438995;98,9239066979184
13;412932;412515;204454;208061;q50;4129,32;4125,15;2044,54;2080,61;49,5127527050459;49,5628037768324;99,8990148499026
14;478882;478247;234002;244245;q50;4788,82;4782,47;2340,02;2442,45;48,8642296014467;48,9291098532767;99,867399484633
15;88865;85854;42478;43376;q50;888,65;858,54;424,78;433,76;47,8005964102853;49,4770191254921;96,6117143982445
16;511089;510440;251813;258627;q50;5110,89;5104,4;2518,13;2586,27;49,2698923279507;49,33253663506;99,8730162457028
17;613774;613637;301757;311880;q50;6137,74;6136,37;3017,57;3118,8;49,164187469655;49,1751638183486;99,9776790805736
17';935318;935284;453062;482222;q50;9353,18;9352,84;4530,62;4822,22;48,4393543158584;48,4411152120639;99,9963648726957
18;835236;833594;409329;424265;q50;8352,36;8335,94;4093,29;4242,65;49,007585879919;49,1041202311917;99,8034088568979
19;1058536;1057942;517583;540359;q50;10585,36;10579,42;5175,83;5403,59;48,8961169010785;48,923570479289;99,9438847615953
20;1582195;1582184;781888;800296;q50;15821,95;15821,84;7818,88;8002,96;49,4179288899282;49,4182724638854;99,9993047633193
21;725541;723697;353855;369842;q50;7255,41;7236,97;3538,55;3698,42;48,7711928064713;48,895463156542;99,7458448247584
22;882195;882161;435710;446451;q50;8821,95;8821,61;4357,1;4464,51;49,3893073526828;49,3912109014114;99,9961459767965
23;308997;307504;151669;155835;q50;3089,97;3075,04;1516,69;1558,35;49,084295316783;49,3226104375878;99,5168237879332
24;126706;124149;61740;62409;q50;1267,06;1241,49;617,4;624,09;48,7269742553628;49,7305656912259;97,9819424494499
25;1025776;1025747;507120;518627;q50;10257,76;10257,47;5071,2;5186,27;49,4376939994697;49,4390917058495;99,9971728720501
26;210827;208747;102979;105768;q50;2108,27;2087,47;1029,79;1057,68;48,8452617548986;49,331966447422;99,0134090984551
27;161615;161067;78795;82272;q50;1616,15;1610,67;787,95;822,72;48,7547566748136;48,9206355119298;99,6609225628809
01;242652;241030;71340;169690;q70;2426,52;2410,3;713,4;1696,9;29,4001285791998;29,5979753557648;99,3315530059509
02;1096019;1096019;321527;774492;q70;10960,19;10960,19;3215,27;7744,92;29,3358965492387;29,3358965492387;100
03;53956;52312;15261;37051;q70;539,56;523,12;152,61;370,51;28,2841574616354;29,1730386909313;96,9530728741938
04;222970;221592;64803;156789;q70;2229,7;2215,92;648,03;1567,89;29,063551150379;29,2442867973573;99,3819796385164
05;859348;858223;253639;604584;q70;8593,48;8582,23;2536,39;6045,84;29,5152836801854;29,5539737340994;99,8690867960361
06;453406;453395;132058;321337;q70;4534,06;4533,95;1320,58;3213,37;29,1257724864691;29,1264791186493;99,9975739182984
07;58148;57617;16659;40958;q70;581,48;576,17;166,59;409,58;28,649308660659;28,9133415485013;99,086812960033
08;305872;304613;86632;217981;q70;3058,72;3046,13;866,32;2179,81;28,3229586232149;28,440020616323;99,5883899147356
09;74629;71086;20823;50263;q70;746,29;710,86;208,23;502,63;27,9020220021707;29,2926877303548;95,2525157780487
10;1004269;1003700;297620;706080;q70;10042,69;10037;2976,2;7060,8;29,6354861097973;29,6522865398027;99,9433418735419
11;60683;59500;17456;42044;q70;606,83;595;174,56;420,44;28,7658817131651;29,3378151260504;98,0505248586919
12;114767;113532;33109;80423;q70;1147,67;1135,32;331,09;804,23;28,8488851324858;29,1627030264595;98,9239066979184
13;412932;412515;122469;290046;q70;4129,32;4125,15;1224,69;2900,46;29,6583941181599;29,688374968183;99,8990148499026
14;478882;478247;141318;336929;q70;4788,82;4782,47;1413,18;3369,29;29,5099836702987;29,5491660167236;99,867399484633
15;88865;85854;25359;60495;q70;888,65;858,54;253,59;604,95;28,5365441962527;29,5373541127961;96,6117143982445
16;511089;510440;149652;360788;q70;5110,89;5104,4;1496,52;3607,88;29,2810058522097;29,3182352480213;99,8730162457028
17;613774;613637;181571;432066;q70;6137,74;6136,37;1815,71;4320,66;29,5827128552203;29,58931746293;99,9776790805736
17';935318;935284;268911;666373;q70;9353,18;9352,84;2689,11;6663,73;28,7507564272258;28,751801591816;99,9963648726957
18;835236;833594;247858;585736;q70;8352,36;8335,94;2478,58;5857,36;29,6752055706411;29,7336593113674;99,8034088568979
19;1058536;1057942;307687;750255;q70;10585,36;10579,42;3076,87;7502,55;29,0672211431638;29,0835414417804;99,9438847615953
20;1582195;1582184;464651;1117533;q70;15821,95;15821,84;4646,51;11175,33;29,3674926289111;29,3676968039116;99,9993047633193
21;725541;723697;210933;512764;q70;7255,41;7236,97;2109,33;5127,64;29,07251278701;29,1465903548032;99,7458448247584
22;882195;882161;259387;622774;q70;8821,95;8821,61;2593,87;6227,74;29,4024563730241;29,4035895941897;99,9961459767965
23;308997;307504;90549;216955;q70;3089,97;3075,04;905,49;2169,55;29,3041680016311;29,4464462250898;99,5168237879332
24;126706;124149;36900;87249;q70;1267,06;1241,49;369;872,49;29,1225356336717;29,7223497571467;97,9819424494499
25;1025776;1025747;298492;727255;q70;10257,76;10257,47;2984,92;7272,55;29,0991405531032;29,0999632462976;99,9971728720501
26;210827;208747;60881;147866;q70;2108,27;2087,47;608,81;1478,66;28,877231094689;29,1649700354975;99,0134090984551
27;161615;161067;46883;114184;q70;1616,15;1610,67;468,83;1141,84;29,0090647526529;29,1077626081072;99,6609225628809
01;242652;241030;59322;181708;q75;2426,52;2410,3;593,22;1817,08;24,4473567083725;24,6118740405759;99,3315530059509
02;1096019;1096019;268008;828011;q75;10960,19;10960,19;2680,08;8280,11;24,4528607624503;24,4528607624503;100
03;53956;52312;12755;39557;q75;539,56;523,12;127,55;395,57;23,6396322929795;24,3825508487536;96,9530728741938
04;222970;221592;53508;168084;q75;2229,7;2215,92;535,08;1680,84;23,9978472440239;24,1470811220622;99,3819796385164
05;859348;858223;205691;652532;q75;8593,48;8582,23;2056,91;6525,32;23,9357047435963;23,9670808169905;99,8690867960361
06;453406;453395;108200;345195;q75;4534,06;4533,95;1082;3451,95;23,8638218285598;23,8644007984208;99,9975739182984
07;58148;57617;13961;43656;q75;581,48;576,17;139,61;436,56;24,0094242278324;24,2306958015863;99,086812960033
08;305872;304613;75416;229197;q75;3058,72;3046,13;754,16;2291,97;24,6560652822096;24,7579715901816;99,5883899147356
09;74629;71086;17199;53887;q75;746,29;710,86;171,99;538,87;23,0460008843747;24,1946374813606;95,2525157780487
10;1004269;1003700;247819;755881;q75;10042,69;10037;2478,19;7558,81;24,6765557833608;24,6905449835608;99,9433418735419
11;60683;59500;14551;44949;q75;606,83;595;145,51;449,49;23,9787090288878;24,455462184874;98,0505248586919
12;114767;113532;28083;85449;q75;1147,67;1135,32;280,83;854,49;24,4695774917877;24,7357573195223;98,9239066979184
13;412932;412515;101907;310608;q75;4129,32;4125,15;1019,07;3106,08;24,6788817529278;24,7038289516745;99,8990148499026
14;478882;478247;117674;360573;q75;4788,82;4782,47;1176,74;3605,73;24,5726504650415;24,6052771894021;99,867399484633
15;88865;85854;21277;64577;q75;888,65;858,54;212,77;645,77;23,9430596972937;24,7827707503436;96,6117143982445
16;511089;510440;125116;385324;q75;5110,89;5104,4;1251,16;3853,24;24,4802764293499;24,5114019277486;99,8730162457028
17;613774;613637;151096;462541;q75;6137,74;6136,37;1510,96;4625,41;24,6175302309971;24,6230263168616;99,9776790805736
17';935318;935284;225608;709676;q75;9353,18;9352,84;2256,08;7096,76;24,1209941431684;24,1218710038876;99,9963648726957
18;835236;833594;203112;630482;q75;8352,36;8335,94;2031,12;6304,82;24,3179173311495;24,3658183720132;99,8034088568979
19;1058536;1057942;253592;804350;q75;10585,36;10579,42;2535,92;8043,5;23,9568611743011;23,9703121721229;99,9438847615953
20;1582195;1582184;382209;1199975;q75;15821,95;15821,84;3822,09;11999,75;24,1568833171638;24,1570512658452;99,9993047633193
21;725541;723697;178271;545426;q75;7255,41;7236,97;1782,71;5454,26;24,5707685713144;24,6333755701627;99,7458448247584
22;882195;882161;213272;668889;q75;8821,95;8821,61;2132,72;6688,89;24,1751540192361;24,1760857711914;99,9961459767965
23;308997;307504;75048;232456;q75;3089,97;3075,04;750,48;2324,56;24,2876144428587;24,4055361881471;99,5168237879332
24;126706;124149;30380;93769;q75;1267,06;1241,49;303,8;937,69;23,9767651097817;24,4705958163175;97,9819424494499
25;1025776;1025747;249219;776528;q75;10257,76;10257,47;2492,19;7765,28;24,2956551917768;24,2963420804545;99,9971728720501
26;210827;208747;50325;158422;q75;2108,27;2087,47;503,25;1584,22;23,8702822693488;24,1081308952943;99,0134090984551
27;161615;161067;38987;122080;q75;1616,15;1610,67;389,87;1220,8;24,1233796367911;24,2054548728169;99,6609225628809
01;242652;241030;47435;193595;q80;2426,52;2410,3;474,35;1935,95;19,5485716169659;19,6801228062897;99,3315530059509
02;1096019;1096019;214832;881187;q80;10960,19;10960,19;2148,32;8811,87;19,6011200535757;19,6011200535757;100
03;53956;52312;10119;42193;q80;539,56;523,12;101,19;421,93;18,754170064497;19,3435540602539;96,9530728741938
04;222970;221592;42597;178995;q80;2229,7;2215,92;425,97;1789,95;19,10436381576;19,2231669013322;99,3819796385164
05;859348;858223;163441;694782;q80;8593,48;8582,23;1634,41;6947,82;19,019186639173;19,0441179040879;99,8690867960361
06;453406;453395;87383;366012;q80;4534,06;4533,95;873,83;3660,12;19,2725724847047;19,273040064403;99,9975739182984
07;58148;57617;11356;46261;q80;581,48;576,17;113,56;462,61;19,5294765082204;19,7094607494316;99,086812960033
08;305872;304613;58351;246262;q80;3058,72;3046,13;583,51;2462,62;19,0769341423864;19,1557812700049;99,5883899147356
09;74629;71086;13657;57429;q80;746,29;710,86;136,57;574,29;18,2998566241006;19,2119404664772;95,2525157780487
10;1004269;1003700;196244;807456;q80;10042,69;10037;1962,44;8074,56;19,5409795582658;19,5520573876656;99,9433418735419
11;60683;59500;11485;48015;q80;606,83;595;114,85;480,15;18,9262231596988;19,3025210084034;98,0505248586919
12;114767;113532;22018;91514;q80;1147,67;1135,32;220,18;915,14;19,1849573483667;19,3936511291971;98,9239066979184
13;412932;412515;80449;332066;q80;4129,32;4125,15;804,49;3320,66;19,4823845088295;19,5020787122893;99,8990148499026
14;478882;478247;92912;385335;q80;4788,82;4782,47;929,12;3853,35;19,4018568248546;19,427617946375;99,867399484633
15;88865;85854;16828;69026;q80;888,65;858,54;168,28;690,26;18,9365892083497;19,6007174971463;96,6117143982445
16;511089;510440;99461;410979;q80;5110,89;5104,4;994,61;4109,79;19,4606027521625;19,4853459760207;99,8730162457028
17;613774;613637;117771;495866;q80;6137,74;6136,37;1177,71;4958,66;19,1880073121377;19,1922912079943;99,9776790805736
17';935318;935284;183972;751312;q80;9353,18;9352,84;1839,72;7513,12;19,6694600125305;19,6701750484345;99,9963648726957
18;835236;833594;163130;670464;q80;8352,36;8335,94;1631,3;6704,64;19,5310068052622;19,5694786670729;99,8034088568979
19;1058536;1057942;205475;852467;q80;10585,36;10579,42;2054,75;8524,67;19,4112434532222;19,4221422346405;99,9438847615953
20;1582195;1582184;311600;1270584;q80;15821,95;15821,84;3116;12705,84;19,6941590638322;19,6942959858019;99,9993047633193
21;725541;723697;142039;581658;q80;7255,41;7236,97;1420,39;5816,58;19,5769777311;19,626860412576;99,7458448247584
22;882195;882161;171437;710724;q80;8821,95;8821,61;1714,37;7107,24;19,4330051745929;19,4337541559874;99,9961459767965
23;308997;307504;60267;247237;q80;3089,97;3075,04;602,67;2472,37;19,5040728550763;19,5987694469015;99,5168237879332
24;126706;124149;23961;100188;q80;1267,06;1241,49;239,61;1001,88;18,9107066752956;19,3001957325472;97,9819424494499
25;1025776;1025747;201716;824031;q80;10257,76;10257,47;2017,16;8240,31;19,6647221225687;19,6652780851419;99,9971728720501
26;210827;208747;40100;168647;q80;2108,27;2087,47;401;1686,47;19,0203342076679;19,2098569081232;99,0134090984551
27;161615;161067;31533;129534;q80;1616,15;1610,67;315,33;1295,34;19,5111839866349;19,5775670994058;99,6609225628809
01;242652;241030;23682;217348;q90;2426,52;2410,3;236,82;2173,48;9,75965580337273;9,82533294610629;99,3315530059509
02;1096019;1096019;107390;988629;q90;10960,19;10960,19;1073,9;9886,29;9,79818780513842;9,79818780513842;100
03;53956;52312;5034;47278;q90;539,56;523,12;50,34;472,78;9,32982430128253;9,62303104450222;96,9530728741938
04;222970;221592;21505;200087;q90;2229,7;2215,92;215,05;2000,87;9,64479526393685;9,70477273547782;99,3819796385164
05;859348;858223;83859;774364;q90;8593,48;8582,23;838,59;7743,64;9,75844477441037;9,77123661332777;99,8690867960361
06;453406;453395;43462;409933;q90;4534,06;4533,95;434,62;4099,33;9,58566935594147;9,58590191775384;99,9975739182984
07;58148;57617;5617;52000;q90;581,48;576,17;56,17;520;9,65983352823829;9,74885884374403;99,086812960033
08;305872;304613;29990;274623;q90;3058,72;3046,13;299,9;2746,23;9,80475493016687;9,84527909183127;99,5883899147356
09;74629;71086;6915;64171;q90;746,29;710,86;69,15;641,71;9,26583499711908;9,72765382775793;95,2525157780487
10;1004269;1003700;97928;905772;q90;10042,69;10037;979,28;9057,72;9,75117224568318;9,75670020922586;99,9433418735419
11;60683;59500;5837;53663;q90;606,83;595;58,37;536,63;9,61883888403672;9,81008403361345;98,0505248586919
12;114767;113532;10942;102590;q90;1147,67;1135,32;109,42;1025,9;9,53409952338216;9,6378113659585;98,9239066979184
13;412932;412515;39993;372522;q90;4129,32;4125,15;399,93;3725,22;9,6851297550202;9,69492018472056;99,8990148499026
14;478882;478247;46855;431392;q90;4788,82;4782,47;468,55;4313,92;9,78424747641381;9,79723866537584;99,867399484633
15;88865;85854;8284;77570;q90;888,65;858,54;82,84;775,7;9,3220052889214;9,64893889626575;96,6117143982445
16;511089;510440;49813;460627;q90;5110,89;5104,4;498,13;4606,27;9,74644337874617;9,75883551445811;99,8730162457028
17;613774;613637;59136;554501;q90;6137,74;6136,37;591,36;5545,01;9,63481672407108;9,63696778388526;99,9776790805736
17';935318;935284;88468;846816;q90;9353,18;9352,84;884,68;8468,16;9,45860124577951;9,45894509047519;99,9963648726957
18;835236;833594;81599;751995;q90;8352,36;8335,94;815,99;7519,95;9,76957410839571;9,78881805771155;99,8034088568979
19;1058536;1057942;100953;956989;q90;10585,36;10579,42;1009,53;9569,89;9,53703983615106;9,54239457361557;99,9438847615953
20;1582195;1582184;157309;1424875;q90;15821,95;15821,84;1573,09;14248,75;9,94245336383948;9,9425224879028;99,9993047633193
21;725541;723697;71501;652196;q90;7255,41;7236,97;715,01;6521,96;9,85485313717626;9,87996357591644;99,7458448247584
22;882195;882161;87216;794945;q90;8821,95;8821,61;872,16;7949,45;9,88624963868532;9,88663067172546;99,9961459767965
23;308997;307504;29580;277924;q90;3089,97;3075,04;295,8;2779,24;9,57290847483956;9,61938706488371;99,5168237879332
24;126706;124149;12057;112092;q90;1267,06;1241,49;120,57;1120,92;9,51572932615661;9,71171737186767;97,9819424494499
25;1025776;1025747;98861;926886;q90;10257,76;10257,47;988,61;9268,86;9,63767918141973;9,63795165864487;99,9971728720501
26;210827;208747;20048;188699;q90;2108,27;2087,47;200,48;1886,99;9,50921845873631;9,60397035646021;99,0134090984551
27;161615;161067;15536;145531;q90;1616,15;1610,67;155,36;1455,31;9,61296909321536;9,64567540216183;99,6609225628809
