"IGN";"NPL";"cdom";"essmaj_mature_40_code";"typologie_mature_simplifiee";"fa_mask";"hdom_mean_m";"hdom_median_m";"n_pix_hdom"
3078;37;224,954510800779;"3-100%";"Hetraie";1;36,2214283716111;36,6000003814697;42
3178;218;238;"1-75%;5-13%";"Chenaie";1;33,3341455692198;33,2999992370605;41
3256;75;253,854075485616;"3-100%";"Hetraie";1;33,5269239865817;33,7999992370605;26
3256;252;77;"13-100%";"Autres peuplements feuillus";0;18,79200050354;18,2000007629395;25
3256;294;276,70289320548;"3-44%;5-22%";"Autres peuplements feuillus";0;34,8837828249545;35,0999984741211;37
3278;18;146,929751681281;"16-50%;5-26%";"Erabliere";0;25,2722223599752;25,3999996185303;36
3278;317;262;"1-64%;5-36%";"Chenaie";0;32,2478261201278;33;23
3556;75;182;"1-100%";"Chenaie";0;22,4486484527588;22,7000007629395;37
3556;98;82;"11-100%";"Autres peuplements feuillus";0;20,6478259874427;20,6000003814697;23
3556;176;214;"4-66%;11-34%";"Erabliere";1;29,2461542960925;29,7000007629395;39
3734;18;277;"3-74%;4-26%";"Hetraie";1;31,7175001144409;32;40
3734;151;238,525823848649;"5-81%;24-19%";"Frenaie";1;33,538236393648;33,6499996185303;34
3734;231;232,972381347145;"5-50%;24-25%";"Frenaie";1;34,2928559893653;33,5999984741211;42
3734;305;184,983036759754;"3-100%";"Hetraie";0;30,6189186508591;30,6000003814697;37
3778;58;322,771692964164;"10-52%;3-28%";"Autres peuplements feuillus";0;32,855171992861;33;29
3778;183;272,106934272775;"3-69%;2-31%";"Hetraie";1;29,2512192609834;29,8999996185303;41
3778;221;291;"3-100%";"Hetraie";0;35,0599997202555;35,2999992370605;30
3812;6;329;"3-100%";"Hetraie";1;36,3524995803833;35,5;40
3812;8;116;"1-99%;5-1%";"Chenaie";0;26,8709678649902;24,8999996185303;31
3812;58;268,49069968929;"3-68%;15-31%";"Hetraie";1;28,5343746542931;31,8999996185303;32
3834;31;256,98243792032;"3-81%;1-19%";"Hetraie";1;33,1926838944598;32,9000015258789;41
3878;54;103;"28-100%";"Autres peuplements feuillus";0;20,1682925805813;20,6000003814697;41
3878;67;73;"3-100%";"Hetraie";1;13,9853660536975;13,5;41
3878;122;287,480608738931;"5-40%;1-36%";"Autres feuillus nobles";1;32,038095383417;32,5;42
3878;141;281,897207702955;"3-100%";"Hetraie";1;35,2825005531311;35,2999992370605;40
3878;145;213,805433980822;"15-58%;1-42%";"Autres peuplements feuillus";0;20,9000002698201;20,2000007629395;41
3878;166;255,897389383985;"1-68%;11-31%";"Chenaie";1;29,3428567068917;29,7999992370605;35
3912;231;311,327846603323;"3-60%;2-40%";"Hetraie";1;36,4902433069741;37,2999992370605;41
3912;235;132,967572330137;"5-51%;4-26%";"Frenaie";0;21,2093750834465;20,7999992370605;32
3912;237;133,912189601602;"15-73%;1-27%";"Autres peuplements feuillus";1;23,8285714104062;23,4500007629395;42
3934;33;196,826869579644;"15-74%;5-26%";"Autres peuplements feuillus";1;28,9883723591649;29,5;43
3934;162;233,968716914647;"3-100%";"Hetraie";1;35,6585360736382;37;41
3934;181;366,271410429584;"3-100%";"Hetraie";1;38,2368423060367;38,5;38
3934;197;274;"1-100%";"Chenaie";0;27,2238096963792;28,7000007629395;42
3934;202;247;"3-100%";"Hetraie";0;29,6966672897339;29,2000007629395;30
3956;33;265,50826176897;"24-69%;5-31%";"Autres peuplements feuillus";1;37,6268282634456;38,0999984741211;41
3956;111;232,898158576261;"3-78%;1-22%";"Hetraie";1;31,3205126737937;31,7999992370605;39
3956;113;238;"1-100%";"Chenaie";0;28,7114291054862;30,1000003814697;35
3956;128;144,875716062151;"3-100%";"Hetraie";1;32,5904763085502;32,3999996185303;42
3956;145;137,964875840641;"3-50%;11-50%";"Hetraie";1;25,2157896945351;24,8999996185303;38
3956;221;266;"3-81%;1-19%";"Hetraie";0;21,9782606207806;21,5;23
3978;18;236,889525388579;"5-77%;44-23%";"Frenaie";1;31,6809518904913;31,6000003814697;42
3978;242;225,959263430504;"1-100%";"Chenaie";0;32,7952381315685;32,5;42
3978;261;204,98243792032;"3-100%";"Hetraie";0;28,8902445072081;28,7000007629395;41
3978;277;219;"1-99%;44-1%";"Chenaie";0;29,9405407261204;30,7000007629395;37
3978;292;205,736568804805;"3-100%";"Hetraie";1;31,8690472103301;32,0999984741211;42
4012;86;188,173543713316;"10-61%;28-39%";"Autres peuplements feuillus";0;26,172972911113;26,1000003814697;37
4012;132;254;"3-100%";"Hetraie";1;33,039535433747;36;43
4012;191;163,833206269521;"7-59%;5-22%";"Autres feuillus nobles";0;21,8090907010165;21,5;33
4012;214;54;"27-100%";"Autres peuplements feuillus";0;19,7023808615548;19,2999992370605;42
4034;132;190;"7-50%;15-28%";"Autres feuillus nobles";1;28,9761904761905;30,5;42
4034;311;158,930893723489;"5-77%;4-23%";"Frenaie";0;27,8860462543576;28,5;43
4056;48;298;"3-85%;14-15%";"Hetraie";0;32,9071427299863;33,5;42
4056;88;218,560948008009;"4-54%;5-46%";"Erabliere";0;26,374999666214;28,3999996185303;40
4056;284;210,78922014589;"24-44%;5-30%";"Autres peuplements feuillus";0;26,6999998092651;26,7999992370605;36
4056;288;176,558955753594;"3-60%;16-22%";"Hetraie";1;29,4174999237061;30;40
4078;31;258,682844024026;"1-99%;7-1%";"Chenaie";0;25,4073169987376;27,1000003814697;41
4078;33;317,43697490851;"1-81%;4-19%";"Chenaie";0;28,6214287167504;28,5;42
4134;65;162;"21-99%;41-1%";"Autres peuplements feuillus";0;23,1454547535289;21,2000007629395;22
4156;98;158,912189601602;"5-100%";"Frenaie";0;26,7612905809956;27,3999996185303;31
4156;214;185;"1-100%";"Chenaie";0;24,97027067236;25,7000007629395;37
4178;157;181,724364806164;"1-100%";"Chenaie";0;20,27560978401;20,1000003814697;41
4178;214;148;"1-100%";"Chenaie";0;23,3500000953674;23,1000003814697;40
4178;258;241;"1-48%;15-22%";"Autres peuplements feuillus";1;25,95952410925;25,8999996185303;42
4178;317;254,929886894521;"1-61%;3-39%";"Chenaie";1;24,4777779049344;24,2000007629395;27
4234;12;133;"11-100%";"Autres peuplements feuillus";0;17,2707322283489;18,2000007629395;41
4234;145;84;"15-100%";"Autres peuplements feuillus";1;23,2902438931349;18,7000007629395;41
4234;147;209;"1-100%";"Chenaie";1;28,4249997615814;28,8999996185303;40
4234;183;268,894118788034;"3-55%;1-45%";"Hetraie";1;26,3902437628769;26,6000003814697;41
4256;77;31;"11-100%";"Autres peuplements feuillus";1;14,0975610453908;14,5;41
4256;96;250,771692964164;"3-58%;1-26%";"Hetraie";1;29,6720929256705;29,1000003814697;43
4256;98;286,660735195072;"3-87%;1-13%";"Hetraie";1;27,1785717464629;26,9500007629395;42
4256;113;222,824576375009;"3-100%";"Hetraie";1;28,3349997520447;28,5;40
4256;151;123;"11-100%";"Autres peuplements feuillus";1;22,6170732451648;21,2000007629395;41
4256;172;256;"1-100%";"Chenaie";0;23,7232556010402;24,3999996185303;43
4256;178;155,668576165737;"1-60%;11-40%";"Chenaie";1;23,2292679577339;23,2999992370605;41
4278;92;110;"7-100%";"Autres feuillus nobles";1;27,3499994277954;27,3499994277954;14
4278;96;148;"11-36%;1-36%";"Autres peuplements feuillus";1;21,0595237641107;22,6499996185303;42
4278;176;219;"1-52%;7-26%";"Chenaie";1;20,9149996757507;21,1000003814697;40
4278;256;82;"3-100%";"Hetraie";0;23,6585367714486;23,2000007629395;41
4278;258;106;"11-100%";"Autres peuplements feuillus";1;24,8951223885141;24,6000003814697;41
4312;145;140,929751681281;"13-74%;11-26%";"Autres peuplements feuillus";1;25,5292684043326;25;41
4312;147;151;"4-77%;7-23%";"Erabliere";1;26,5205129965758;27,2000007629395;39
4312;204;237,650487089763;"1-99%;11-1%";"Chenaie";1;26,1942857469831;26,1000003814697;35
4312;227;236,924184667964;"3-50%;1-50%";"Hetraie";1;27,3048780022598;27,3999996185303;41
4312;258;74;"1-99%;11-1%";"Chenaie";1;20,9024389778695;21,7999992370605;41
4312;305;182,806817123524;"1-84%;13-15%";"Chenaie";1;25,7452382587251;25,3999996185303;42
4334;6;243,779477876797;"1-87%;11-13%";"Chenaie";1;27,5142855871291;27,2999992370605;42
4334;8;142,792860103586;"11-47%;4-31%";"Autres peuplements feuillus";1;31,057575861613;32,5999984741211;33
4334;77;165,7657647254;"1-99%;11-1%";"Chenaie";1;23,5390245391101;23,2000007629395;41
4356;33;90;"1-100%";"Chenaie";1;24,8799997965495;23,7999992370605;30
4356;92;143;"13-100%";"Autres peuplements feuillus";0;24,9926826663134;25,8999996185303;41
4356;147;179;"1-79%;14-21%";"Chenaie";1;25,6071427663167;25,3999996185303;42
4356;155;137,830367597536;"1-76%;13-22%";"Chenaie";0;24,8731710852646;25,5;41
4356;168;245,875716062152;"3-65%;1-35%";"Hetraie";1;24,7060605829412;24,7000007629395;33
4356;183;258;"1-100%";"Chenaie";0;32,3360000610352;33;25
4356;227;184;"1-100%";"Chenaie";1;28,6292684601574;28,6000003814697;41
4356;231;261,877735049249;"3-52%;41-27%";"Hetraie";1;25,2199999809265;26;40
4356;242;182,5754341406;"1-76%;3-24%";"Chenaie";1;25,9155550214979;26,2999992370605;45
4356;256;268,301736562398;"3-66%;1-34%";"Hetraie";1;29,0707319306164;29,1000003814697;41
4378;23;72;"11-100%";"Autres peuplements feuillus";1;18,929268232206;19;41
4378;61;207,781290334707;"1-100%";"Chenaie";1;26,1585363527624;25,3999996185303;41
4378;86;100;"11-100%";"Autres peuplements feuillus";1;21,5025647481283;20,7000007629395;39
4378;103;158,909021601557;"1-100%";"Chenaie";1;19,9619045711699;20,1999998092651;42
4378;183;86;"3-100%";"Hetraie";0;18,5682928504013;18,5;41
4412;208;173,139458095697;"11-60%;2-40%";"Autres peuplements feuillus";1;25,5150000095367;26,1500005722046;40
4412;248;223,455575529931;"1-99%;25-1%";"Chenaie";1;29,6000001998175;29,1999998092651;42
4412;271;125;"3-100%";"Hetraie";1;23,1785717918759;23,6000003814697;42
4434;82;85;"7-100%";"Autres feuillus nobles";0;22,4333337854456;23,2000007629395;27
4434;294;265,912189601602;"1-63%;44-19%";"Chenaie";1;28,6487803110262;28,6000003814697;41
4434;311;155,9638372989;"25-54%;1-46%";"Autres peuplements feuillus";0;25,7243899833865;26,3999996185303;41
4512;103;247,841941282883;"24-71%;1-28%";"Autres peuplements feuillus";0;32,148780031902;32,0999984741211;41
4512;128;194,367765131532;"5-65%;1-35%";"Frenaie";1;30,0749995708466;29,7999992370605;40
4512;134;337,302805097945;"3-79%;1-21%";"Hetraie";1;30,4833331789289;30,2999992370605;42
4512;147;224,244830573775;"3-54%;5-35%";"Hetraie";1;24,1853660490455;25,2000007629395;41
4512;155;203,332640972173;"1-64%;4-36%";"Chenaie";1;28,009523664202;28,0499992370605;42
4512;193;238,89385853515;"1-100%";"Chenaie";0;29,2585364085872;29,8999996185303;41
4512;256;132,117911507188;"13-53%;5-47%";"Autres peuplements feuillus";1;22,9024388848282;22,3999996185303;41
4512;315;138,918930825342;"4-100%";"Erabliere";1;22,1790700069694;22,2000007629395;43
4534;54;198,719006725125;"2-46%;3-35%";"Autres feuillus nobles";1;23,5738097145444;24,1000003814697;42
4534;134;89;"11-99%;2-1%";"Autres peuplements feuillus";1;17,7642855417161;17,6000003814697;42
4534;151;162,881257318275;"1-100%";"Chenaie";0;22,6829270618718;22,1000003814697;41
4534;235;248,848369335928;"3-77%;4-22%";"Hetraie";0;25,690624833107;25;32
4556;48;118;"5-100%";"Frenaie";0;21,799999975389;22,2999992370605;31
4556;235;205;"26-69%;1-31%";"Autres peuplements feuillus";0;26,727499961853;25;40
4556;298;248,49069968929;"15-99%;1-1%";"Autres peuplements feuillus";1;29,0609752841112;29,1000003814697;41
4556;301;29;"11-100%";"Autres peuplements feuillus";0;17,6944443914625;19,1000003814697;36
4556;317;242,367765131532;"1-71%;5-26%";"Chenaie";1;28,8800000667572;29,3999996185303;40
4578;107;104;"11-100%";"Autres peuplements feuillus";0;21,1414635821087;20,8999996185303;41
4578;111;172,383250127731;"4-94%;33-6%";"Erabliere";0;24,4815791280646;24,5;38
4578;132;165,857422006765;"5-83%;4-17%";"Frenaie";0;23,2310347063788;23,2000007629395;29
4578;202;261,964875840641;"1-100%";"Chenaie";1;29,9341462763344;30,5;41
4578;221;183,438013450251;"3-100%";"Hetraie";1;29,1444445186191;29,1000003814697;36
4578;301;152,947313760961;"26-100%";"Autres peuplements feuillus";0;21,5512194284579;21,2000007629395;41
4612;31;248,36477098433;"29-35%;5-24%";"Autres peuplements feuillus";0;32,3272721261689;31,2999992370605;33
4612;111;128,740578641096;"5-100%";"Frenaie";1;31,2921053735833;31,2999992370605;38
4634;138;83;"5-100%";"Frenaie";1;24,0902441536508;24,7000007629395;41
4634;197;83;"1-98%;12-2%";"Chenaie";0;22,8536587691889;23,7000007629395;41
4656;27;137,909021601557;"7-66%;28-34%";"Autres feuillus nobles";0;18,869047505515;19;42
4656;117;245,420451370571;"5-78%;1-21%";"Frenaie";1;31,626190276373;31,8999996185303;42
4656;147;81;"11-100%";"Autres peuplements feuillus";0;22,1926824988388;22,2999992370605;41
4656;191;105;"7-98%;5-2%";"Autres feuillus nobles";0;23,5162160718763;21,8999996185303;37
4656;197;271,651249472635;"1-34%;2-28%";"Autres peuplements feuillus";1;31,2282052162366;31,7999992370605;39
4678;52;191;"1-100%";"Chenaie";1;26,8658533794124;26,7999992370605;41
4678;98;188;"7-60%;5-40%";"Autres feuillus nobles";0;25,989999961853;26,3500003814697;40
4712;132;164;"1-68%;5-32%";"Chenaie";0;22,443902411112;23,1000003814697;41
4712;187;185,302805097945;"5-77%;4-23%";"Frenaie";1;25,7749997138977;26,2999992370605;40
4712;294;415,805778581783;"3-79%;5-21%";"Hetraie";0;35,1210531937449;34,7999992370605;38
4734;75;116;"3-100%";"Hetraie";0;23,6588237986845;25,1000003814697;34
4734;113;176,378580310758;"5-100%";"Frenaie";1;24,3976190203712;23,7999992370605;42
4734;231;283,659509466438;"3-100%";"Hetraie";1;35,2166670844668;35;42
4734;256;43;"14-100%";"Autres peuplements feuillus";1;30,6799997329712;30,5;40
4734;258;260;"3-47%;5-36%";"Autres feuillus nobles";1;28,1325005054474;27,2000007629395;40
4734;273;201;"3-79%;4-21%";"Hetraie";1;29,963415145874;30,7999992370605;41
4734;305;271,151837987681;"5-54%;1-25%";"Frenaie";1;29,6249996185303;29,8999996185303;40
4756;44;359,710376972519;"15-55%;1-45%";"Autres peuplements feuillus";1;29,4878047850074;29,6000003814697;41
4756;75;226;"5-51%;3-42%";"Frenaie";1;31,7549990653992;32,5999984741211;40
4756;77;258,666320486086;"1-97%;11-3%";"Chenaie";0;27,033333505903;27,5;42
4756;82;279;"1-73%;7-26%";"Chenaie";1;27,2473682102404;26,5;38
4756;92;232,599529533599;"5-57%;4-27%";"Frenaie";1;33,5390250508378;32,2000007629395;41
4756;101;76;"7-100%";"Autres feuillus nobles";0;19,1170730125613;18,8999996185303;41
4756;227;199;"1-100%";"Chenaie";1;28,2609759074886;28,2000007629395;41
4778;6;281;"1-100%";"Chenaie";1;28,7675672995078;28,1000003814697;37
4778;16;260,648758406407;"3-100%";"Hetraie";1;33,5833327883766;33,5999984741211;42
4778;33;287,383874272603;"3-54%;41-46%";"Hetraie";1;33,3425003051758;33,2000007629395;40
4778;48;141;"1-100%";"Chenaie";1;25,4609757865347;25,6000003814697;41
4778;65;109;"3-100%";"Hetraie";1;26,5649997234344;25,8999996185303;40
4778;124;178;"1-64%;3-36%";"Chenaie";0;25,6585371436142;25,1000003814697;41
4778;193;241,789255043844;"1-83%;3-17%";"Chenaie";1;26,2585365016286;26,7000007629395;41
4778;225;206,820478756441;"1-100%";"Chenaie";1;25,9627908218739;25,6000003814697;43
4778;235;290,558870924528;"1-58%;4-28%";"Chenaie";1;29,5741935237761;28,1000003814697;31
4778;237;90;"3-100%";"Hetraie";1;24,0800002204047;23,2000007629395;45
4778;256;167,610867961644;"5-100%";"Frenaie";1;27,6274999141693;26,5;40
4778;258;173,963904132284;"3-100%";"Hetraie";0;27,4512194191537;26,8999996185303;41
4778;315;226,47313760961;"1-100%";"Chenaie";1;27,4968747496605;27,2999992370605;32
4812;54;33;"11-100%";"Autres peuplements feuillus";0;31,0099999427795;38,7999992370605;30
4812;98;149,824379203203;"1-85%;5-15%";"Chenaie";1;24,6333340236119;25,2000007629395;21
4812;172;98;"16-99%;1-1%";"Erabliere";0;21,7052631378174;22,25;38
4812;178;153;"1-100%";"Chenaie";1;26,7175001144409;26,2999992370605;40
4812;237;177;"1-73%;3-27%";"Chenaie";0;29,3394739251388;28,7000007629395;38
4812;273;215,893682651521;"1-100%";"Chenaie";1;24,8307685852051;24,2999992370605;39
4812;315;289,173543713316;"3-47%;4-33%";"Autres feuillus nobles";1;25,2653844539936;25,5;26
4834;16;305,474139552362;"10-83%;5-17%";"Autres peuplements feuillus";0;30,3000000984438;30,2000007629395;31
4834;96;156;"5-64%;1-36%";"Frenaie";0;21,41666703754;21,2000007629395;36
4834;124;43;"1-100%";"Chenaie";0;14,7833333969116;14,3000001907349;30
4834;155;312,734491721324;"3-53%;5-28%";"Hetraie";0;29,3562500476837;29,3999996185303;32
4834;166;261;"1-60%;3-40%";"Chenaie";1;25,8595238186064;26,2000007629395;42
4834;168;170;"4-65%;13-35%";"Erabliere";1;23,8121209000096;23,7999992370605;33
4834;172;239,984052397728;"1-77%;5-23%";"Chenaie";0;26,6814811847828;26,7999992370605;27
4834;204;126;"5-100%";"Frenaie";1;27,2756103887791;28,5;41
4834;273;172,682385492165;"1-54%;4-46%";"Chenaie";1;22,6766665140788;21,5999994277954;30
4856;8;266,778601206365;"1-100%";"Chenaie";1;23,4214283625285;24,5;42
4856;12;204,930953367862;"1-100%";"Chenaie";1;26,4785714830671;27,2000007629395;42
4856;33;194,806817123524;"1-54%;41-46%";"Chenaie";1;31,3902433907113;30,8999996185303;41
4856;44;249,628366310684;"1-100%";"Chenaie";1;25,1750000476837;25,2000007629395;40
4856;82;154,623333354217;"7-100%";"Autres feuillus nobles";1;26,6525000572205;26,2999992370605;40
4856;103;203;"5-66%;1-24%";"Frenaie";1;26,2170728823034;26;41
4856;145;188,894627521922;"1-100%";"Chenaie";0;26,3097559300865;26;41
4856;157;257,399060417277;"3-45%;5-41%";"Autres feuillus nobles";0;29,4181816216671;30,1000003814697;33
4856;204;231,833206269521;"1-100%";"Chenaie";1;30,2047618230184;30,1000003814697;42
4856;311;240,481157282192;"1-100%";"Chenaie";0;27,3380951200213;27;42
4856;317;270,457176312116;"1-100%";"Chenaie";0;30,2199999332428;30,2999992370605;40
4878;16;232,67193550206;"1-69%;7-17%";"Chenaie";1;26,5341467973663;26,6000003814697;41
4878;88;115;"4-99%;5-1%";"Erabliere";0;22,3999996185303;22;16
4878;103;181,805433980822;"5-100%";"Frenaie";0;31,983333950951;32,9000015258789;42
4878;246;170,720537649903;"5-77%;4-22%";"Frenaie";0;28,5000001395621;28,7999992370605;41
4912;16;88;"5-99%;11-1%";"Frenaie";1;27,2388892173767;28,7000007629395;36
4912;88;277,7657647254;"3-79%;41-21%";"Hetraie";1;29,9410257584009;30,7999992370605;39
4912;96;248,707627291682;"1-100%";"Chenaie";1;28,2324997425079;27,7999992370605;40
4912;147;327,475899516439;"3-60%;41-22%";"Hetraie";1;31,5333334150768;32,8000011444092;42
4912;178;125;"18-55%;7-45%";"Autres peuplements feuillus";0;24,5585367156238;23;41
4912;183;196;"4-45%;3-33%";"Autres feuillus nobles";1;32,579487384894;32,7000007629395;39
4912;235;225;"1-100%";"Chenaie";1;27,5578948071128;28,7000007629395;38
4912;284;175;"1-72%;11-28%";"Chenaie";0;24,5972220632765;24,2999992370605;36
4934;54;176;"13-100%";"Autres peuplements feuillus";0;24,5974356333415;25,7999992370605;39
4934;113;53;"11-100%";"Autres peuplements feuillus";0;17,1707315910153;17,6000003814697;41
4934;145;227,877790291513;"1-100%";"Chenaie";0;33,0785717737107;33,2000007629395;42
4934;151;217;"1-100%";"Chenaie";0;25,533332824707;25,8999996185303;9
4934;214;175,992780826457;"3-86%;13-14%";"Hetraie";1;26,928571837289;26,7000007629395;42
4934;237;201,997593608819;"3-100%";"Hetraie";1;27,3361113336351;28,2000007629395;36
4934;248;249,778601206365;"3-100%";"Hetraie";1;29,4390242506818;29,1000003814697;41
4934;252;166,84204301951;"1-51%;3-49%";"Chenaie";1;31,1785712015061;29,6000003814697;42
4934;263;186;"1-100%";"Chenaie";1;24,5499998274304;25,1000003814697;42
4956;23;269,984052397728;"1-100%";"Chenaie";0;26,0458336671193;25,9000005722046;24
4956;33;236,240487046481;"1-57%;5-43%";"Chenaie";0;28,5022221035428;28,5;45
4956;75;150;"5-75%;1-25%";"Frenaie";0;28,4076927869748;28,7000007629395;39
4956;82;200;"1-100%";"Chenaie";0;28,243902345983;30,2000007629395;41
4956;124;197;"1-100%";"Chenaie";1;28,7124997615814;28,7999992370605;40
4956;145;188;"3-81%;1-19%";"Hetraie";0;27,2962961550112;27,3999996185303;27
4956;168;145;"5-36%;4-36%";"Autres feuillus nobles";0;24,4222222963969;24;36
4956;221;142;"5-71%;41-29%";"Frenaie";0;23,8170730311696;23;41
4956;246;190,139458095697;"3-58%;1-41%";"Hetraie";0;25,3904766809373;25,2000007629395;42
4956;248;217,599529533599;"1-100%";"Chenaie";0;23,204762231736;25;42
4978;2;172;"1-100%";"Chenaie";0;26,8277774386936;26,3999996185303;36
4978;23;205;"1-100%";"Chenaie";1;26,7214281899588;27,7999992370605;42
4978;61;198;"4-100%";"Erabliere";1;31,0975612547339;33;41
4978;65;132,984052397728;"1-100%";"Chenaie";1;21,6476192474365;21,8999996185303;42
4978;82;192,744838723825;"1-100%";"Chenaie";1;21,7190475917998;22,1500005722046;42
4978;92;203;"1-63%;3-37%";"Chenaie";1;25,2200005054474;25,3500003814697;40
4978;168;158,837053722018;"1-86%;11-14%";"Chenaie";1;25,279486925174;26;39
4978;183;75;"11-99%;41-1%";"Autres peuplements feuillus";0;19,3023259806079;18,1000003814697;43
4978;193;146;"1-63%;3-37%";"Chenaie";0;24,5974352909968;23,7999992370605;39
4978;256;184;"3-100%";"Hetraie";1;27,445833047231;27,7000007629395;24
5012;18;67;"11-100%";"Autres peuplements feuillus";0;14,2055554389954;13,6999998092651;36
5012;33;105;"11-100%";"Autres peuplements feuillus";0;26,4268293148134;27,3999996185303;41
5012;294;261,075811408904;"3-100%";"Hetraie";1;22,8880955832345;23,25;42
5034;214;96;"11-100%";"Autres peuplements feuillus";1;18,5275001525879;17,2999992370605;40
5056;33;58;"11-100%";"Autres peuplements feuillus";0;18,722221798367;18,5;36
5056;61;193;"3-60%;1-40%";"Hetraie";0;25,4315788871364;25,6000003814697;38
5078;178;196,687742008241;"3-100%";"Hetraie";1;25,2642858596075;25,25;42
5078;307;83;"3-100%";"Hetraie";1;22,8449998855591;23,5;40
5112;107;131,279954733134;"11-59%;17-41%";"Autres peuplements feuillus";1;25,3341464531131;23,8999996185303;41
5112;301;251,666320486086;"5-71%;1-29%";"Frenaie";1;30,4761904307774;30,5;42
5134;6;305,253617429159;"1-82%;3-18%";"Chenaie";1;29,4571430569603;31,8999996185303;42
5134;61;74;"5-98%;24-2%";"Frenaie";0;18,888235428754;18,2000007629395;34
5212;67;153,859503362563;"11-67%;5-33%";"Autres peuplements feuillus";0;28,4261904216948;29,1000003814697;42
5212;77;253,454129609342;"1-50%;15-49%";"Chenaie";1;29,0400002479553;28,2000007629395;40
5212;122;78;"11-100%";"Autres peuplements feuillus";1;21,9055557250977;20,7999992370605;36
5212;141;226,772554003893;"5-53%;1-28%";"Frenaie";1;28,2238096963792;28,6000003814697;42
5212;145;181,877065442242;"1-55%;5-44%";"Chenaie";1;22,8947366915251;23,2999992370605;38
5212;181;54;"25-100%";"Autres peuplements feuillus";1;26,3170727985661;25,2999992370605;41
5212;183;257,876026900502;"15-94%;5-6%";"Autres peuplements feuillus";0;26,1785714739845;26,1000003814697;42
5212;204;234,89385853515;"24-71%;1-29%";"Autres peuplements feuillus";1;30,353658443544;30,2000007629395;41
5212;212;146,930953367862;"1-100%";"Chenaie";1;20,8309522810436;21;42
5212;221;228,903334715007;"3-100%";"Hetraie";1;29,3181821649725;29,2000007629395;22
5212;225;192;"3-49%;15-28%";"Autres peuplements feuillus";1;30,0975002288818;30,1000003814697;40
5212;227;215;"1-98%;4-2%";"Chenaie";0;22,2066666285197;21,7999992370605;30
5212;301;178;"1-100%";"Chenaie";1;24,2365852914205;23,2999992370605;41
5212;305;157,954510800779;"1-74%;3-26%";"Chenaie";1;27,6690476281302;27,75;42
5212;307;265,854075485617;"1-100%";"Chenaie";1;29,9341463228551;29,5;41
5212;311;263,612552111139;"1-100%";"Chenaie";1;22,3454541871042;22,5;33
5234;21;221,560271074192;"1-99%;11-1%";"Chenaie";1;25,0380948838733;24,8999996185303;42
5234;42;238;"1-100%";"Chenaie";1;25,7243900764279;25,3999996185303;41
5234;44;212,740578641096;"5-61%;4-26%";"Frenaie";1;32,0097563208603;31,2999992370605;41
5234;107;190,393477343714;"1-100%";"Chenaie";1;22,1307691916441;23,3999996185303;39
5234;134;195;"1-100%";"Chenaie";1;25,9857140949794;26,2999992370605;42
5234;147;202;"1-100%";"Chenaie";1;25,4574997425079;25,7999992370605;40
5234;166;80;"11-100%";"Autres peuplements feuillus";1;21,4150001525879;21;40
5234;176;71;"11-100%";"Autres peuplements feuillus";1;18,78536608161;17,5;41
5234;183;221,954510800779;"1-51%;3-49%";"Chenaie";1;29,3463415285436;29,5;41
5234;202;192;"1-100%";"Chenaie";0;24,8756756653657;25,1000003814697;37
5234;204;206;"1-66%;4-19%";"Chenaie";1;29,1452385130383;28,1000003814697;42
5234;225;107;"7-100%";"Autres feuillus nobles";1;23,4428571519398;23,1000003814697;42
5234;231;214,648758406407;"1-99%;11-1%";"Chenaie";1;27,0875002861023;26,9499998092651;40
5234;242;248,189308253425;"1-99%;4-1%";"Chenaie";1;27,8829266617938;28,1000003814697;41
5234;261;183,859503362563;"1-100%";"Chenaie";1;23,430302995624;23,6000003814697;33
5234;301;252,917144041434;"1-100%";"Chenaie";1;27,677499628067;27,7999992370605;40
5256;42;40;"1-100%";"Chenaie";1;23,4249997138977;26,1000003814697;16
5256;202;254,524785306909;"1-62%;2-21%";"Chenaie";1;25,9499999523163;25,2999992370605;40
5256;242;183,789255043844;"15-50%;1-29%";"Autres peuplements feuillus";1;27,8146335787889;27,7999992370605;41
5278;98;261,50826176897;"1-99%;15-1%";"Chenaie";1;24,8853660211331;25,1000003814697;41
5278;178;160,736568804805;"1-100%";"Chenaie";1;24,2095239275978;24,7999992370605;42
5278;225;75;"4-98%;1-2%";"Erabliere";0;18,0414637588873;17,7000007629395;41
5278;258;213,969673867186;"1-100%";"Chenaie";1;26,1119044167655;26,6000003814697;42
5278;282;246;"1-100%";"Chenaie";1;25,7674999237061;25,5;40
5278;307;251,497371117123;"1-99%;11-1%";"Chenaie";1;26,4595242454892;26,7000007629395;42
5278;311;201,772554003893;"1-100%";"Chenaie";1;27,0790702464969;27,2000007629395;43
5278;317;234;"1-96%;8-4%";"Chenaie";0;20,3026313279804;20,1000003814697;38
5312;18;213,930893723489;"1-68%;3-32%";"Chenaie";1;25,4125;25,3999996185303;40
5312;21;185,84204301951;"1-100%";"Chenaie";1;26,4812499284744;25,9499998092651;16
5312;31;233,771692964164;"1-100%";"Chenaie";1;25,9170730404738;25,7999992370605;41
5312;42;260;"1-100%";"Chenaie";1;26,3644441392687;26,7999992370605;45
5312;44;335,559909466268;"1-100%";"Chenaie";1;26,1585365388452;26,1000003814697;41
5312;48;250,221735923288;"1-100%";"Chenaie";1;26,178378904188;25,6000003814697;37
5312;54;250,979631715252;"1-100%";"Chenaie";1;27,0461533864339;27,2999992370605;39
5312;65;255,888366784097;"1-100%";"Chenaie";1;27,1649996757507;27,1000003814697;40
5312;75;292,770969947943;"1-83%;3-17%";"Chenaie";1;25,8666663536659;25,7000007629395;39
5312;86;88;"3-100%";"Hetraie";1;22,6024998426437;27,5;40
5312;124;249;"1-49%;4-47%";"Autres feuillus nobles";1;25,1609755725395;25,5;41
5312;141;201,841941282883;"1-100%";"Chenaie";0;23,7685715266636;23,7000007629395;35
5312;145;265,121896016017;"1-100%";"Chenaie";1;26,5725001335144;26,6000003814697;40
5312;204;73;"11-100%";"Autres peuplements feuillus";1;27,3333333757189;26,6000003814697;45
5312;237;195;"4-64%;5-36%";"Erabliere";0;24,2028572627476;23,8999996185303;35
5312;256;212,47313760961;"1-100%";"Chenaie";1;24,548648112529;24,5;37
5312;282;232,701444645446;"1-100%";"Chenaie";0;25,9634146341463;26,2999992370605;41
5334;8;229;"5-60%;1-40%";"Frenaie";1;33,8449998855591;34;40
5334;75;166,826869579644;"5-53%;7-24%";"Frenaie";0;27,227499961853;27,1499996185303;40
5334;88;234,715344408184;"5-66%;1-34%";"Frenaie";1;29,5780487060547;29,2000007629395;41
5334;92;127;"3-100%";"Hetraie";0;26,3805555767483;25,7000007629395;36
5334;103;194;"1-51%;15-49%";"Chenaie";1;29,7358972598345;28,8999996185303;39
5334;155;164,888366784097;"1-31%;2-24%";"Autres peuplements feuillus";0;24,5942855290004;23,8999996185303;35
5334;166;150;"5-72%;4-28%";"Frenaie";0;31,0609748189042;31,8999996185303;41
5334;168;173;"1-100%";"Chenaie";1;22,0487803017221;22,3999996185303;41
5334;202;241,558783003811;"1-100%";"Chenaie";1;22,9121952056885;22,2000007629395;41
5334;231;104;"11-100%";"Autres peuplements feuillus";0;26,2363637866396;25,5;33
5334;246;238;"1-100%";"Chenaie";1;27,3292684787657;26,7999992370605;41
5334;252;186;"1-100%";"Chenaie";1;25,6317074938518;26,1000003814697;41
5334;307;227,754130884485;"3-61%;1-39%";"Hetraie";1;27,8666664759318;28,1000003814697;42
5356;6;213,104333936337;"5-58%;1-42%";"Frenaie";1;25,1463414634146;25;41
5356;42;169,682385492165;"1-33%;4-24%";"Autres peuplements feuillus";0;26,8809526080177;26,8000001907349;42
5356;65;216,788216502104;"1-64%;5-36%";"Chenaie";0;26,4717949598263;26,2999992370605;39
5356;96;213,694661675565;"1-79%;5-21%";"Chenaie";0;26,7224999904633;27,1000003814697;40
5356;103;233,96279875716;"1-62%;5-38%";"Chenaie";0;26,2999999182565;26,6999998092651;42
5356;124;299,762514636551;"3-75%;1-15%";"Hetraie";1;26,3690480731782;26,7000007629395;42
5356;155;77;"1-100%";"Chenaie";1;19,328571228754;19;42
5356;183;197,668576165737;"5-100%";"Frenaie";0;27,900000163487;29,1000003814697;35
5356;193;280,930953367862;"1-100%";"Chenaie";1;27,7525003433228;28,4499998092651;40
5356;204;272,067021786449;"1-69%;14-17%";"Chenaie";1;25,7853655931426;26,5;41
5356;225;256,481157282192;"1-77%;2-22%";"Chenaie";1;24,6725001811981;24,2999992370605;40
5356;237;257;"1-100%";"Chenaie";1;24,7309522628784;24,8999996185303;42
5356;277;203,877790291513;"1-69%;11-21%";"Chenaie";1;22,2634149877036;22,2000007629395;41
5356;288;221;"5-89%;7-11%";"Frenaie";0;24,3999996185303;24,3999996185303;4
5356;294;203,560948008009;"1-100%";"Chenaie";1;27,0714285260155;26,8999996185303;42
5356;307;88;"4-100%";"Erabliere";0;18,7999999813917;19,2000007629395;41
5356;317;96;"1-100%";"Chenaie";1;24,8951221559106;25,6000003814697;41
5378;12;200,920929002273;"1-70%;5-30%";"Chenaie";0;30,48571454911;30,6000003814697;42
5378;18;139;"7-89%;1-11%";"Autres feuillus nobles";1;25,721951275337;25,7999992370605;41
5378;82;216;"1-100%";"Chenaie";1;26,1976744186047;25,2000007629395;43
5378;88;299;"1-65%;3-35%";"Chenaie";1;29,0307691036127;29,3999996185303;39
5378;98;166;"1-100%";"Chenaie";0;23,5121952615133;23,7000007629395;41
5378;147;261,793440871667;"1-100%";"Chenaie";1;24,8314283098493;25,2999992370605;35
5378;172;120;"1-69%;3-31%";"Chenaie";1;21,6804880746981;21,7000007629395;41
5378;176;242;"1-100%";"Chenaie";0;25,7238095147269;26,9000005722046;42
5378;256;119;"5-100%";"Frenaie";1;30,7916665607029;31,1999998092651;36
5378;311;197;"1-100%";"Chenaie";1;28,5212117975408;28,6000003814697;33
5412;54;164;"5-75%;7-25%";"Frenaie";0;31,2731710294398;31,5;41
5412;166;167;"1-100%";"Chenaie";0;24,6000003814697;24,6000003814697;3
5412;225;220,46929267575;"1-56%;41-25%";"Chenaie";0;25,8333335876465;26,1000003814697;15
5412;258;256,050058546203;"1-44%;3-38%";"Autres feuillus nobles";0;28,1390244553729;28,1000003814697;41
5412;273;174;"5-100%";"Frenaie";0;28,3214288439069;28,2999992370605;28
5434;18;227;"3-53%;1-47%";"Hetraie";1;30,1690480822609;30,2000007629395;42
5434;65;197,820478756441;"5-70%;1-29%";"Frenaie";0;27,9974998474121;28,5;40
5434;77;132,863532402336;"1-69%;5-31%";"Chenaie";1;22,0236846522281;21,6000003814697;38
5434;92;141,321470390145;"4-61%;11-39%";"Erabliere";1;27,1261904580253;28,7000007629395;42
5434;166;165;"5-70%;1-30%";"Frenaie";0;29,0972221162584;28,7999992370605;36
5434;246;128,502864248606;"1-100%";"Chenaie";0;16,2000001271566;16;6
5434;263;213;"1-54%;3-46%";"Chenaie";0;32,192683708377;33;41
5456;23;203,740578641096;"1-80%;30-15%";"Chenaie";0;21,7058826895321;20,8500003814697;34
5456;61;161,951358495206;"11-28%;1-27%";"Autres peuplements feuillus";0;29,775609318803;30,2999992370605;41
5456;71;207,596072167368;"1-93%;20-7%";"Chenaie";0;22,6657893030267;22,3999996185303;38
5456;75;236,94907928813;"1-100%";"Chenaie";1;26,7642858596075;27;42
5456;77;215;"1-72%;5-28%";"Chenaie";1;27,6475002765656;27,5;40
5456;98;244;"1-85%;50-15%";"Chenaie";1;30,2023804982503;30,7999992370605;42
5456;113;231,952557401364;"1-100%";"Chenaie";0;26,7428572518485;26,8500003814697;42
5456;155;156,927096778236;"1-100%";"Chenaie";0;29,2487806459753;30,7000007629395;41
5456;157;251;"1-100%";"Chenaie";1;24,7363634976474;25,3999996185303;33
5456;162;171,708150971233;"5-100%";"Frenaie";0;28,6368421253405;27,8500003814697;38
5456;176;227,994684132576;"1-100%";"Chenaie";1;28,5813957480497;28;43
5456;214;160,696738671857;"1-86%;4-14%";"Chenaie";0;23,1024391825606;23,2000007629395;41
5456;235;215,848097409296;"1-60%;5-40%";"Chenaie";0;31,7589738796919;31;39
5456;246;201,590597207007;"1-82%;5-18%";"Chenaie";0;25,08571434021;25,2999992370605;42
5456;248;172,960464501137;"1-100%";"Chenaie";1;26,6825000286102;27,1000003814697;40
5456;252;230;"1-100%";"Chenaie";1;27,5285717646281;27,2000007629395;42
5456;305;189,731158607729;"1-100%";"Chenaie";1;22,1500001907349;22,1000003814697;40
5478;6;173,682385492165;"1-88%;5-12%";"Chenaie";0;22,4351350423452;22,8999996185303;37
5478;54;145,894627521922;"1-100%";"Chenaie";1;21,773170843357;21,7000007629395;41
5478;71;169,820478756441;"1-100%";"Chenaie";0;21,5707316049715;20,2999992370605;41
5478;86;224;"1-100%";"Chenaie";0;27,4756757375356;28,2000007629395;37
5478;96;156,744838723825;"1-100%";"Chenaie";0;21,1386363723061;20,7999992370605;44
5478;98;212,385327211212;"1-65%;5-35%";"Chenaie";0;26,3268296311541;26,2000007629395;41
5478;103;165,984185800455;"1-100%";"Chenaie";0;25,5177778455946;25,2000007629395;45
5478;155;140,917144041434;"1-100%";"Chenaie";0;21,3599998950958;21,7999992370605;40
5478;162;146,833206269521;"1-100%";"Chenaie";0;19,0555555555556;19,0500001907349;36
5478;183;163,779477876797;"1-100%";"Chenaie";0;22,4787876822732;23,5;33
5478;242;204,99896145826;"1-100%";"Chenaie";1;22,3100004196167;22,6000003814697;30
5478;246;149,756792476027;"1-100%";"Chenaie";0;21,5785716374715;21,6000003814697;42
5478;263;168,841941282883;"1-100%";"Chenaie";1;23,5195119439102;23,5;41
5478;284;85;"11-100%";"Autres peuplements feuillus";1;22,8444448682997;23,5;45
5478;301;215,420451370571;"1-100%";"Chenaie";1;27,0500002384186;27;40
5478;307;202;"1-100%";"Chenaie";1;24,9631582561292;26;38
5512;6;562;"3-84%;1-16%";"Hetraie";1;28,6535717419216;29;28
5512;12;184,929751681281;"1-100%";"Chenaie";1;21,8874998092651;22;32
5512;16;117;"1-99%;30-1%";"Chenaie";0;18,3224997520447;18,7999992370605;40
5512;23;136;"1-100%";"Chenaie";0;22,6976188932146;21,8999996185303;42
5512;33;195,918930825342;"1-100%";"Chenaie";1;21,6027774810791;21,3999996185303;36
5512;77;149,806817123524;"1-100%";"Chenaie";1;23,2595238912673;23,1000003814697;42
5512;103;167,821647815753;"1-100%";"Chenaie";0;27,0550006866455;26,7000007629395;40
5512;141;214;"1-59%;5-27%";"Chenaie";1;27,0170729102158;26,2999992370605;41
5512;221;205,694475728783;"1-100%";"Chenaie";0;27,5609756097561;27,7000007629395;41
5512;294;210;"3-81%;1-19%";"Hetraie";1;32,8155552334256;32,5;45
5512;307;36;"3-100%";"Hetraie";0;19,53125;24;32
5534;225;103;"1-100%";"Chenaie";1;21,8714286940438;22;28
5534;227;181,989815857626;"3-100%";"Hetraie";0;29,3717952141395;29,6000003814697;39
5534;301;146;"1-100%";"Chenaie";1;25,8761904580253;26,3999996185303;42
5556;6;175;"1-100%";"Chenaie";0;23,1205880782183;24,2999992370605;34
5556;12;235,578440291781;"3-82%;1-18%";"Hetraie";1;27,9717950576391;28,2000007629395;39
5556;71;163,870289320548;"1-100%";"Chenaie";0;24,9625000476837;24,3999996185303;40
5556;86;59;"11-100%";"Autres peuplements feuillus";0;20,8375000357628;20,6000003814697;32
5556;162;75;"13-100%";"Autres peuplements feuillus";0;22,4595237913586;22,5;42
5556;183;221,806501294896;"3-100%";"Hetraie";1;25,8102563711313;25,3999996185303;39
5556;235;211;"3-100%";"Hetraie";1;28,3955553690592;28,8999996185303;45
5556;237;223;"3-100%";"Hetraie";1;26,880952108474;27,2999992370605;42
5556;242;48;"11-100%";"Autres peuplements feuillus";1;18,7219511822956;18,8999996185303;41
5556;256;222,997593608819;"3-76%;1-24%";"Hetraie";1;29,9274999141693;30,6000003814697;40
5578;8;35;"11-100%";"Autres peuplements feuillus";1;24,289999294281;24,7999992370605;40
5578;16;252,770654422424;"3-100%";"Hetraie";1;23,5190475781759;24,8999996185303;42
5578;61;101;"11-100%";"Autres peuplements feuillus";0;22,9783781412485;23,5;37
5612;54;35;"11-100%";"Autres peuplements feuillus";0;27,799999943486;31,7999992370605;27
5612;103;104;"3-100%";"Hetraie";0;26,6999998653636;27,2999992370605;34
5612;284;80;"3-100%";"Hetraie";1;NA;NA;0
5621;88;43;"3-100%";"Hetraie";0;15,8190476326715;15,3000001907349;42
5634;103;178;"1-53%;41-47%";"Chenaie";0;19,7750002543132;19,6000003814697;24
5634;134;62;"3-100%";"Hetraie";1;16,746341286636;15,6000003814697;41
5634;155;130;"3-64%;1-36%";"Hetraie";1;22,2275000572205;23,2000007629395;40
5656;75;126;"25-100%";"Autres peuplements feuillus";0;20,8159997558594;19,2999992370605;25
5656;147;75;"3-100%";"Hetraie";0;30,4171424320766;31;35
5656;204;70;"13-100%";"Autres peuplements feuillus";0;15,9000000604769;15,8000001907349;41
5656;227;47;"13-100%";"Autres peuplements feuillus";0;17,3363634167296;13,1999998092651;33
5678;67;94;"1-100%";"Chenaie";1;19,8309520539783;22;42
5712;92;274,751534710274;"1-100%";"Chenaie";1;25,0023256346237;25,2000007629395;43
5712;111;154,878494630393;"4-51%;3-49%";"Erabliere";1;24,9461538363726;25;39
5712;113;224,253617429159;"3-63%;1-37%";"Hetraie";1;24,1833333060855;24,3999996185303;42
5712;134;183;"1-100%";"Chenaie";1;24,897561189605;25,1000003814697;41
5712;151;278,613634247048;"1-89%;3-10%";"Chenaie";1;25,3926832152576;25,6000003814697;41
5712;172;241;"1-96%;7-4%";"Chenaie";1;24,689999516805;23,8999996185303;30
5712;178;243;"1-100%";"Chenaie";0;21,202380997794;22,7000007629395;42
5712;187;303,151837987681;"1-56%;5-26%";"Chenaie";1;28,2976192292713;28;42
5712;191;215,821647815753;"1-52%;3-48%";"Chenaie";1;23,1674998998642;24,1000003814697;40
5712;197;152,751432124303;"5-42%;7-36%";"Autres feuillus nobles";0;24,6860468664835;24,2000007629395;43
5712;212;42;"3-100%";"Hetraie";1;22,0047620137533;22,5500001907349;42
5712;218;202;"1-67%;3-33%";"Chenaie";0;22,9904759270804;23;42
5712;225;94;"1-100%";"Chenaie";1;27,7121952336009;27,2999992370605;41
5712;227;244,497371117123;"1-77%;4-23%";"Chenaie";1;24,804878281384;25,1000003814697;41
5712;237;199;"1-100%";"Chenaie";0;25,5400000572205;25,7000007629395;40
5712;248;200,818043203114;"1-100%";"Chenaie";1;25,145238285973;25,5;42
5712;271;224,335232767808;"1-100%";"Chenaie";1;25,2675004005432;26,1000003814697;40
5712;298;181,562226456849;"1-91%;14-9%";"Chenaie";1;23,365789262872;23,2000007629395;38
5712;305;222,821647815753;"1-76%;3-24%";"Chenaie";1;25,1299998760223;25,2000007629395;40
5734;2;215,848097409296;"1-100%";"Chenaie";1;23,2400001525879;23,1000003814697;40
5734;18;82;"3-100%";"Hetraie";1;24,3097564418141;24,7000007629395;41
5734;21;53;"11-100%";"Autres peuplements feuillus";1;19,7486489785684;19,7000007629395;37
5734;48;230;"1-100%";"Chenaie";0;22,6500005722046;22,7000007629395;12
5734;52;201;"1-100%";"Chenaie";1;22,1902443490377;21,7000007629395;41
5734;58;58;"5-100%";"Frenaie";0;NA;NA;0
5734;65;216;"1-100%";"Chenaie";0;23,4437501430511;23,8999996185303;32
5734;92;194,886503155479;"3-83%;1-17%";"Hetraie";0;26,392857006618;26,5;42
5734;96;145,848369335928;"1-100%";"Chenaie";0;20,1799998283386;20,1000003814697;40
5734;98;162,967572330137;"1-100%";"Chenaie";1;24,7756097374893;24,6000003814697;41
5734;113;236,347988144492;"1-70%;11-16%";"Chenaie";1;25,0840004730225;24,7000007629395;25
5734;117;181,613338860027;"1-100%";"Chenaie";1;23,8282048152043;24;39
5734;132;257,908342718635;"1-100%";"Chenaie";1;25,1475000858307;25,7000007629395;40
5734;134;145,897207702955;"1-100%";"Chenaie";1;23,0705882240744;22,2999992370605;34
5734;145;196;"3-57%;1-43%";"Hetraie";1;24,0025639167199;24,2000007629395;39
5734;151;187,939247315196;"1-37%;3-35%";"Autres feuillus nobles";1;28,7174999237061;29,2000007629395;40
5734;157;170,873486403637;"1-100%";"Chenaie";1;23,9452381588164;24,1000003814697;42
5734;168;297,050058546203;"1-100%";"Chenaie";1;26,8071425755819;26,8999996185303;42
5734;172;159,714844013531;"1-100%";"Chenaie";1;23,8097558370451;23,3999996185303;41
5734;176;138,959263430504;"1-100%";"Chenaie";1;22,3902442746046;22,2000007629395;41
5734;193;195,834288082869;"1-100%";"Chenaie";1;25,8414636472376;26,2000007629395;41
5734;197;174,914946121217;"1-100%";"Chenaie";1;22,2857141948882;22;42
5734;214;166,529944941378;"1-100%";"Chenaie";1;20,6999998546782;20,6000003814697;42
5734;227;273,754130884485;"1-100%";"Chenaie";1;21,5564103737856;23;39
5734;235;37;"13-100%";"Autres peuplements feuillus";0;11,7368418542962;12,1000003814697;19
5734;237;179,720537649903;"1-100%";"Chenaie";1;23,5604650807935;23,2999992370605;43
5734;248;197,89385853515;"1-100%";"Chenaie";1;23,3325001716614;23;40
5734;252;166,756989260785;"1-100%";"Chenaie";1;21,890243902439;22,2000007629395;41
5734;256;169,924184667964;"1-100%";"Chenaie";1;23,6749999523163;23,7000007629395;40
5734;305;226,929886894521;"1-56%;3-44%";"Chenaie";0;20,6926825453595;20,7999992370605;41
5734;317;151,723813471448;"1-100%";"Chenaie";1;22,0128205617269;22;39
5756;157;371,632780100001;"1-100%";"Chenaie";1;26,3125003973643;24,9000005722046;24
5756;176;93;"3-100%";"Hetraie";1;23,6880954560779;23,7999992370605;42
5756;178;248,262392653454;"1-96%;11-4%";"Chenaie";1;23,2024391453441;23,1000003814697;41
5756;204;207,694661675565;"1-100%";"Chenaie";0;25,5674420733785;25,5;43
5756;221;185;"1-56%;3-22%";"Chenaie";0;24,202439005782;24,3999996185303;41
5756;225;241,610867961644;"1-100%";"Chenaie";1;24,2674998283386;24,2999992370605;40
5756;242;232,684291586409;"1-45%;5-34%";"Autres feuillus nobles";1;25,4800004323324;25,6000003814697;45
5756;263;228,558101554316;"1-54%;4-46%";"Chenaie";1;25,0292681717291;25,6000003814697;41
5756;284;228,878494630393;"1-100%";"Chenaie";1;24,134285899571;24,2000007629395;35
5756;301;242,949110279261;"1-94%;3-6%";"Chenaie";1;26,1175004005432;26,2000007629395;40
5756;305;272,385327211212;"1-100%";"Chenaie";1;24,4523811794463;24,1000003814697;42
5756;307;210,821647815753;"1-100%";"Chenaie";1;27,5486489888784;28,1000003814697;37
5756;317;214,908557135121;"1-48%;3-44%";"Autres feuillus nobles";1;25,5944442749023;26,8999996185303;36
5778;2;239,270377428082;"1-100%";"Chenaie";1;26,6474999904633;26,75;40
5778;6;34;"11-100%";"Autres peuplements feuillus";1;15,552499961853;14,1999998092651;40
5778;12;129,951358495206;"14-73%;29-27%";"Autres peuplements feuillus";1;22,907142548334;23;42
5778;44;192,987849463039;"1-100%";"Chenaie";1;26,2214282353719;25,8999996185303;42
5778;67;188,701444645446;"1-100%";"Chenaie";1;26,8634144852801;26,8999996185303;41
5778;82;176,964875840641;"1-79%;13-21%";"Chenaie";1;25,9219516195902;26,2000007629395;41
5778;101;215,818136705229;"1-100%";"Chenaie";1;24,6487804505883;24,7999992370605;41
5778;111;264,034085617619;"3-63%;1-37%";"Hetraie";1;26,8595241364979;26,7000007629395;42
5778;122;217,560271074192;"1-100%";"Chenaie";1;26,0142857687814;26;42
5778;134;165;"1-71%;17-28%";"Chenaie";1;24,2238096509661;24,5;42
5778;138;207,508066032855;"1-100%";"Chenaie";1;27,7799998760223;28,25;40
5778;145;211;"1-100%";"Chenaie";1;26,8571428571429;26,8999996185303;42
5778;151;196;"5-91%;14-9%";"Frenaie";0;24,0609754236733;27,2000007629395;41
5778;256;213,481157282192;"1-100%";"Chenaie";1;24,8047620682489;24,3999996185303;42
5778;258;126,960464501137;"1-100%";"Chenaie";1;22,6348839693291;23,2000007629395;43
5778;315;163,959263430504;"1-100%";"Chenaie";1;21,3232554058696;20,8999996185303;43
5778;317;195,97342066288;"1-100%";"Chenaie";1;23,6926830105665;23,7999992370605;41
5812;12;200,562226456849;"1-100%";"Chenaie";1;22,9000000586876;22,8999996185303;39
5812;16;167,719006725125;"1-100%";"Chenaie";1;23,6179486299172;23,1000003814697;39
5812;18;226,270377428082;"1-100%";"Chenaie";0;26,571428162711;26,5;42
5812;44;185,643771954826;"1-78%;7-21%";"Chenaie";0;22,2952379953294;23,3000001907349;42
5812;77;198,378314277307;"1-100%";"Chenaie";1;25,9405404168206;25,8999996185303;37
5812;92;172,912189601602;"1-100%";"Chenaie";1;26,6975614966416;26,5;41
5812;96;148;"1-100%";"Chenaie";1;23,6538463005653;23,6000003814697;39
5812;113;182,701444645446;"1-100%";"Chenaie";1;24,3837208858756;25,1000003814697;43
5812;132;164,592882234087;"1-100%";"Chenaie";1;22,6190478461129;22,8999996185303;42
5812;134;170,847237864392;"1-100%";"Chenaie";1;23,7999996557468;23,7999992370605;41
5812;172;188,894627521922;"1-100%";"Chenaie";1;23,207317491857;22,5;41
5812;231;157;"1-100%";"Chenaie";1;21,4837210012037;21,5;43
5812;235;211,560948008009;"1-100%";"Chenaie";1;27,008333047231;27,7999992370605;36
5812;271;185,596072167368;"1-100%";"Chenaie";1;24,6785713831584;24,8999996185303;42
5812;288;196,121896016017;"1-100%";"Chenaie";1;16,9950000047684;17,1499996185303;40
5812;294;230;"1-100%";"Chenaie";0;26,757142384847;27,2999992370605;21
5812;301;185,423803476528;"1-100%";"Chenaie";0;23,7999992370605;23,7999992370605;2
5834;12;170,659784965099;"5-53%;1-37%";"Frenaie";0;21,4657901462756;21,2000007629395;38
5834;23;216;"1-66%;11-34%";"Chenaie";1;27,6066669887967;27,6000003814697;45
5834;44;357,952223652161;"1-100%";"Chenaie";1;20,1052633084749;20,2000007629395;38
5834;65;144,951397852157;"1-100%";"Chenaie";1;18,2487801807683;18,2999992370605;41
5834;103;181;"1-100%";"Chenaie";1;20,8261905397688;20,25;42
5834;124;98;"1-100%";"Chenaie";1;20,2372092313545;20,8999996185303;43
5834;176;156;"1-68%;29-32%";"Chenaie";1;18,2631582962839;18,2000007629395;38
5834;204;232,765241450731;"1-100%";"Chenaie";0;26,2878049059612;26,1000003814697;41
5834;231;119,732688186864;"1-100%";"Chenaie";1;18,2536584342398;18,7000007629395;41
5834;235;110;"1-100%";"Chenaie";1;21,7611111534966;22,2000007629395;36
5834;252;195,578510087688;"1-100%";"Chenaie";1;21,1675675366376;20;37
5834;256;193,772554003893;"1-100%";"Chenaie";1;25,9175000190735;25,7999992370605;40
5834;273;211,783962380137;"1-100%";"Chenaie";1;21,8309526897612;21,6000003814697;42
5834;301;115;"1-100%";"Chenaie";0;21,3488369875176;19,7999992370605;43
5834;305;145;"1-100%";"Chenaie";0;24,0642857324509;24,5;42
5834;307;159,793440871668;"1-100%";"Chenaie";1;22,6849996566772;22,5;40
5834;315;156,924184667964;"1-100%";"Chenaie";1;20,5707319306164;20,7999992370605;41
5856;12;205;"1-100%";"Chenaie";0;22,6170726869164;22,7999992370605;41
5856;16;212,938895145757;"1-100%";"Chenaie";1;23,9365856356737;23,6000003814697;41
5856;18;205,268105699337;"1-100%";"Chenaie";1;25,2769233507988;25,2000007629395;39
5856;23;213,880426143739;"1-59%;3-41%";"Chenaie";1;25,795238494873;25,7000007629395;42
5856;44;144;"1-100%";"Chenaie";0;21,9411767510807;22,0999994277954;34
5856;48;138;"1-100%";"Chenaie";0;23,1902439303514;24,3999996185303;41
5856;52;174,969673867186;"1-100%";"Chenaie";1;22,3853656954882;22;41
5856;54;147,659784965099;"1-100%";"Chenaie";1;20,4071430478777;20,7000007629395;42
5856;65;131;"1-100%";"Chenaie";0;26,2804879909608;26,8999996185303;41
5856;71;224,392389637185;"1-100%";"Chenaie";1;22,6769227247972;22,7999992370605;39
5856;77;188,939347734371;"1-80%;11-20%";"Chenaie";1;23,3274995326996;23,2999992370605;40
5856;86;171,925577856065;"1-75%;11-25%";"Chenaie";0;24,5199999332428;25,0499992370605;40
5856;92;95;"1-100%";"Chenaie";1;19,9999995813137;19,2999992370605;41
5856;96;173,959091349922;"1-55%;11-45%";"Chenaie";1;24,2767441328182;24;43
5856;98;234;"1-100%";"Chenaie";1;29,8146348348478;30,6000003814697;41
5856;113;157,590597207007;"1-100%";"Chenaie";1;27,5465120271195;27,7000007629395;43
5856;128;144;"1-100%";"Chenaie";1;24,6380951291039;24,5;42
5856;132;160,969447572878;"11-51%;1-49%";"Autres peuplements feuillus";1;25,1414628842982;25,3999996185303;41
5856;147;138,908342718635;"1-53%;25-47%";"Chenaie";0;23,5441171421724;24,7999992370605;34
5856;151;204,735320875343;"1-100%";"Chenaie";1;21,7349998474121;21,8999996185303;40
5856;155;126,21582103721;"4-68%;44-32%";"Erabliere";1;18,7404760633196;18,2999992370605;42
5856;162;187,781290334707;"3-76%;1-24%";"Hetraie";1;20,8538459875645;21,7999992370605;39
5856;166;141;"1-100%";"Chenaie";1;20,0642854145595;19,3999996185303;42
5856;178;197,546012621918;"1-100%";"Chenaie";1;22,9775001525879;23;40
5856;181;63;"27-100%";"Autres peuplements feuillus";0;16,4333333704207;17,2000007629395;36
5856;212;169,975698926079;"1-100%";"Chenaie";1;22,9724997520447;22,8999996185303;40
5878;98;51;"11-100%";"Autres peuplements feuillus";0;17,2350001335144;17;40
5878;113;140;"1-100%";"Chenaie";1;21,2926832059535;21,3999996185303;41
5878;147;166,857422006765;"1-100%";"Chenaie";1;21,7634151272657;21,7000007629395;41
5878;227;191;"1-100%";"Chenaie";1;24,7076925130991;25;39
5878;246;163,893682651521;"1-100%";"Chenaie";1;24,52000041008;24,2000007629395;40
5878;248;173,984836933593;"1-100%";"Chenaie";1;24,6268290542975;24,8999996185303;41
5878;252;201,711901738264;"1-100%";"Chenaie";1;20,6641026765872;22,2000007629395;39
5878;317;225,648758406407;"1-100%";"Chenaie";1;24,4439023180706;24,3999996185303;41
5912;12;141;"1-100%";"Chenaie";1;21,4536586389309;21,7000007629395;41
5912;145;197,696236575982;"1-70%;45-30%";"Chenaie";0;23,6482761646139;23,5;29
5912;151;172,659509466438;"1-100%";"Chenaie";1;21,3731703874541;21,2999992370605;41
5912;162;165,935027438112;"1-72%;17-28%";"Chenaie";1;23,6666665304275;24,1000003814697;42
5912;172;210,902795704314;"1-100%";"Chenaie";1;22,4975610128263;23,1000003814697;41
5912;183;172,986190673572;"1-100%";"Chenaie";1;21,7952382678077;22,1000003814697;42
5912;204;166,423803476528;"16-58%;1-42%";"Erabliere";0;18,9666662569399;18,8999996185303;27
5912;214;174;"1-100%";"Chenaie";1;21,8404760814848;21,6000003814697;42
5912;221;218;"1-78%;45-22%";"Chenaie";0;27,0000000454131;25,9499998092651;42
5912;227;189,889525388579;"1-100%";"Chenaie";1;23,2023810432071;23,2999992370605;42
5912;263;218,684291586409;"1-80%;24-20%";"Chenaie";1;22,4074999809265;22,2999992370605;40
5912;301;182,915183798768;"1-100%";"Chenaie";1;23,9375001430511;24;40
5912;311;218;"1-100%";"Chenaie";0;32,5585371808308;33,9000015258789;41
5934;2;75;"1-98%;29-2%";"Chenaie";0;14,9588234003852;15,6999998092651;34
5934;18;178;"1-62%;3-38%";"Chenaie";1;24,6634146527546;23,7999992370605;41
5934;92;161;"1-71%;3-29%";"Chenaie";0;26,7048778068729;26,2999992370605;41
5934;145;119;"11-100%";"Autres peuplements feuillus";0;23,0488889058431;23,2999992370605;45
5934;147;79;"4-99%;5-1%";"Erabliere";0;19,835135279475;18,6000003814697;37
5934;166;126,578440291781;"25-100%";"Autres peuplements feuillus";0;21,3309522356306;20,8999996185303;42
5934;168;164,964875840641;"1-100%";"Chenaie";1;26,5999999046326;26,75;40
5934;172;137,755580583026;"1-67%;3-33%";"Chenaie";1;23,3514283861433;24;35
5934;176;93;"11-100%";"Autres peuplements feuillus";0;22,6524998188019;23;40
5934;225;190;"1-100%";"Chenaie";1;30,0738092604138;30,2999992370605;42
5934;235;237,76278700682;"3-61%;1-39%";"Hetraie";1;26,9333327855819;25,8999996185303;39
5934;246;60;"25-100%";"Autres peuplements feuillus";0;22,5457142421177;24,1000003814697;35
5934;252;241,772554003893;"3-100%";"Hetraie";1;28,2820510864258;29,5;39
5934;258;206,89385853515;"3-100%";"Hetraie";1;28,0499999636695;28,1999998092651;42
5934;273;221,849765104319;"1-70%;3-30%";"Chenaie";1;26,5560980308347;27,6000003814697;41
5934;315;149,648758406407;"1-95%;41-5%";"Chenaie";1;21,6000001544044;23,1000003814697;42
5956;16;221,67193550206;"1-100%";"Chenaie";1;20,1236841804103;21,6000003814697;38
5956;18;93;"11-99%;1-1%";"Autres peuplements feuillus";1;21,3133335961236;21,2999992370605;45
5956;33;208;"1-100%";"Chenaie";1;27,5615381583189;27,3999996185303;39
5956;61;156,918526861009;"1-100%";"Chenaie";1;22,9049999713898;23,3999996185303;40
5956;77;263,392389637185;"1-55%;3-45%";"Chenaie";1;27,800000281561;29;42
5956;82;133,699530208639;"1-100%";"Chenaie";0;21,7243905881556;22,2999992370605;41
5956;92;203,936743201819;"3-52%;1-48%";"Hetraie";1;27,8547616232009;27,7999992370605;42
5956;96;196,929751681281;"1-100%";"Chenaie";1;23,8829267083145;24;41
5956;98;195,769139797746;"1-100%";"Chenaie";1;25,109756097561;24,6000003814697;41
5956;157;218,813944640161;"1-83%;3-17%";"Chenaie";1;26,5850000858307;27;40
5956;176;191,918526861009;"3-51%;1-49%";"Hetraie";1;27,0904756273542;27,2999992370605;42
5956;193;282,392389637185;"1-57%;3-43%";"Chenaie";1;29,5804878793112;30,1000003814697;41
5956;231;262;"1-67%;11-33%";"Chenaie";0;25,4256408397968;26,1000003814697;39
5956;235;196,889300603183;"3-56%;1-44%";"Hetraie";1;28,8023808797201;28,7000007629395;42
5956;237;143,480608738931;"11-56%;3-44%";"Autres peuplements feuillus";1;22,8071428480602;22,8999996185303;42
5956;252;204,972381347145;"1-75%;3-25%";"Chenaie";1;28,9463410726408;28,7999992370605;41
5956;256;224,786133010148;"1-76%;41-24%";"Chenaie";1;28,2648649988948;27,1000003814697;37
5956;258;184,935144660274;"1-75%;3-25%";"Chenaie";1;25,8317071402945;25;41
5956;273;224,714844013531;"1-50%;3-50%";"Chenaie";1;30,2404759270804;30,7999992370605;42
5956;294;197,802322505683;"1-100%";"Chenaie";1;30,2170730218655;31;41
5956;315;186,972381347145;"3-72%;1-28%";"Hetraie";1;29,8255815284197;29,7000007629395;43
5978;8;162,802322505683;"3-57%;1-43%";"Hetraie";0;28,5073167754383;29,5;41
5978;16;245,736568804805;"1-80%;3-20%";"Chenaie";1;29,4189193828686;29,2000007629395;37
5978;18;235,820478756441;"3-60%;1-40%";"Hetraie";0;30,7560978400998;30,3999996185303;41
5978;67;308;"3-100%";"Hetraie";0;32,4450003623962;31,6000003814697;40
5978;75;231,648758406407;"3-100%";"Hetraie";1;30,6375002384186;30,8000001907349;40
5978;77;237,438966542935;"1-57%;3-43%";"Chenaie";1;24,269767362018;23,7999992370605;43
5978;86;124;"25-100%";"Autres peuplements feuillus";0;21,8105260949386;22,5;38
5978;88;219;"1-94%;3-6%";"Chenaie";0;24,9073165800513;25,7999992370605;41
5978;92;214;"1-100%";"Chenaie";1;26,3374999046326;26,6000003814697;40
5978;96;232;"1-57%;3-43%";"Chenaie";1;24,8809525171916;25;42
5978;98;42;"11-100%";"Autres peuplements feuillus";0;18,0702700228304;16,8999996185303;37
5978;113;256,651249472635;"3-100%";"Hetraie";1;28,1624998092651;27,2999992370605;40
5978;124;206,74483836365;"1-75%;4-25%";"Chenaie";0;29,6073172499494;29,7000007629395;41
5978;141;184,870289320548;"3-55%;1-45%";"Hetraie";0;24,541026188777;24,6000003814697;39
5978;157;228;"1-100%";"Chenaie";0;21,4487804785007;21,8999996185303;41
5978;168;197,802880136707;"1-70%;3-30%";"Chenaie";1;27,1621619559623;26;37
5978;178;160,987968044095;"1-100%";"Chenaie";0;36,3926833548197;38,2000007629395;41
5978;183;158;"1-100%";"Chenaie";1;31,4324998378754;31,1000003814697;40
5978;204;246;"3-74%;1-26%";"Hetraie";1;29,4499997638521;29,2999992370605;42
5978;221;236,867606149139;"3-51%;1-49%";"Hetraie";1;30,3317074659394;30,1000003814697;41
5978;225;218,883050916673;"3-100%";"Hetraie";1;29,9095241455805;29,8999996185303;42
5978;227;252;"3-100%";"Hetraie";1;30,4619050707136;30,7000007629395;42
5978;242;209,059597573973;"3-100%";"Hetraie";1;27,0292681717291;26;41
5978;246;311;"3-65%;1-35%";"Hetraie";1;33,852381115868;35;42
5978;248;212,88139350341;"3-77%;1-23%";"Hetraie";1;29,4243906067639;29,2000007629395;41
5978;305;88;"3-100%";"Hetraie";1;22,6682927666641;21,6000003814697;41
5978;307;49;"11-100%";"Autres peuplements feuillus";1;17,0951218023533;17,8999996185303;41
6012;16;184,994684132576;"1-74%;3-26%";"Chenaie";1;26,9585369389232;27,2000007629395;41
6012;71;167,939347734371;"3-58%;1-21%";"Hetraie";1;26,3700000762939;26,3999996185303;40
6012;88;221,810229605456;"3-100%";"Hetraie";1;29,7824999809265;29,5;40
6012;168;46;"11-100%";"Autres peuplements feuillus";1;18,6690478551955;15,6999998092651;42
6012;176;95;"11-99%;2-1%";"Autres peuplements feuillus";0;21,6564103150979;21,7999992370605;39
6012;246;154,964875840641;"3-100%";"Hetraie";0;26,2785712877909;28,25;42
6012;252;67;"3-100%";"Hetraie";0;21,2512195866282;22;41
6012;307;175,929751681281;"1-100%";"Chenaie";1;28,1195122323385;28,2999992370605;41
6034;33;174;"1-66%;11-23%";"Chenaie";1;27,6142859231858;27,2000007629395;42
6034;214;55;"27-100%";"Autres peuplements feuillus";0;20,1657895038002;18;38
6034;311;172;"3-77%;1-23%";"Hetraie";0;28,3675001144409;29,8999996185303;40
6056;6;219,920929002273;"3-72%;1-28%";"Hetraie";1;25,4146342859036;25,3999996185303;41
6056;8;175,984836933593;"3-100%";"Hetraie";1;26,2619044440133;26,7999992370605;42
6056;92;165,984836933593;"3-100%";"Hetraie";0;22,2750005722046;22,2000007629395;8
6056;147;236,509759814094;"3-100%";"Hetraie";0;24,4232558538747;30,2999992370605;43
6078;284;139,894627521922;"25-52%;27-48%";"Autres peuplements feuillus";0;22,3075003147125;22,7999992370605;40
6112;246;276;"3-100%";"Hetraie";0;NA;NA;0
6212;61;101;"3-100%";"Hetraie";1;22,0309525444394;22,1000003814697;42
6212;128;184,715344408184;"1-60%;11-40%";"Chenaie";1;28,0658535841035;28;41
6212;145;246,700406103705;"1-52%;3-38%";"Chenaie";0;25,1500001320472;25,5;26
6212;183;204,420451370571;"13-65%;1-34%";"Autres peuplements feuillus";1;26,9780487897919;26,8999996185303;41
6212;263;140;"13-57%;1-43%";"Autres peuplements feuillus";1;22,7560975609756;23,3999996185303;41
6212;301;223,034085617619;"1-84%;3-16%";"Chenaie";1;23,9357139496576;24;42
6212;305;220,986190673572;"1-100%";"Chenaie";1;25,4707316421881;25,5;41
6234;2;204,526129058531;"1-100%";"Chenaie";1;23,9926827128341;23,7999992370605;41
6234;27;143,788216502104;"1-54%;11-46%";"Chenaie";1;23,5365854588951;23,1000003814697;41
6234;44;271,243792032034;"1-100%";"Chenaie";1;24,6774998664856;24,7999992370605;40
6234;61;155,545108007785;"3-42%;14-30%";"Autres peuplements feuillus";1;26,7317072705525;26,3999996185303;41
6234;65;148;"1-99%;11-1%";"Chenaie";1;23,9250000715256;23;32
6234;82;187,724364806164;"1-80%;11-20%";"Chenaie";1;26,4785715738932;25,5;42
6234;86;181,771692964164;"1-99%;11-1%";"Chenaie";1;25,0375;25,1000003814697;40
6234;145;188,912189601602;"1-100%";"Chenaie";1;25,2675004482269;25,4000005722046;40
6234;147;219;"1-100%";"Chenaie";1;26,7341459088209;27,8999996185303;41
6234;172;211,856471579553;"3-55%;1-45%";"Hetraie";1;29,0023810522897;27,6000003814697;42
6234;181;180,792860103586;"1-76%;3-23%";"Chenaie";1;22,1449998855591;22,3999996185303;40
6234;221;204,281915025764;"1-99%;3-1%";"Chenaie";1;24,3707317259254;24,6000003814697;41
6234;225;170,81340435729;"1-88%;18-12%";"Chenaie";1;21,4805552164714;22,7999992370605;36
6234;248;213,967572330137;"1-100%";"Chenaie";1;25,5243904765059;25,5;41
6234;301;198,986190673572;"1-78%;41-22%";"Chenaie";1;27,4699996948242;28,7999992370605;40
6312;2;180;"11-51%;1-49%";"Autres peuplements feuillus";1;24,5880952108474;25,5;42
6312;21;170,963548389118;"1-100%";"Chenaie";1;24,7428571156093;24,6000003814697;42
6312;23;165;"1-100%";"Chenaie";1;27,1878049431778;27,8999996185303;41
6312;44;31;"11-100%";"Autres peuplements feuillus";1;12,8609756376685;10,6999998092651;41
6312;67;132,902795704314;"1-100%";"Chenaie";1;23,5919999694824;23,6000003814697;25
6312;82;194,578510087688;"1-100%";"Chenaie";1;25,2000007629395;25,2000007629395;8
6312;124;180;"1-57%;11-43%";"Chenaie";1;21,3536582574612;21;41
6334;86;148;"1-100%";"Chenaie";0;21,1906251311302;21,1000003814697;32
6334;147;177,84204301951;"1-100%";"Chenaie";0;25,2904765265329;25,7000007629395;42
6334;172;230,954510800779;"3-100%";"Hetraie";1;29,0690478370303;29,1000003814697;42
6334;193;218,711901738264;"3-100%";"Hetraie";1;29,1121947125691;28,7999992370605;41
6334;204;156,724364806164;"24-69%;27-31%";"Autres peuplements feuillus";0;20,2735296137193;21;34
6334;242;88;"1-100%";"Chenaie";1;23,6309525398981;24,7000007629395;42
6378;183;205;"1-100%";"Chenaie";0;29,814634183558;25,7000007629395;41
6378;242;204;"1-100%";"Chenaie";1;25,8268289798644;26;41
6378;258;152;"1-76%;11-24%";"Chenaie";1;34,6384606972719;35,7999992370605;39
6378;284;224;"3-90%;1-10%";"Hetraie";0;30,6547611327398;30,8999996185303;42
6378;317;107;"11-100%";"Autres peuplements feuillus";1;22,6590907356956;23,7000007629395;44
6412;2;242,805433980822;"3-100%";"Hetraie";1;29,4690480005173;29,2000007629395;42
6412;6;237,806669430013;"3-72%;41-28%";"Hetraie";0;30,2534885850064;30,2999992370605;43
6412;8;106;"3-100%";"Hetraie";0;26,4699999809265;25,1500005722046;40
6412;65;103;"1-99%;11-1%";"Chenaie";1;22,8250007629395;22,2000007629395;16
6412;67;30;"11-100%";"Autres peuplements feuillus";0;15,2000003209928;12,6999998092651;41
6412;124;128,707437308411;"1-100%";"Chenaie";1;27,1615386865078;25,1000003814697;39
6412;141;175,877790291513;"1-74%;3-26%";"Chenaie";1;24,2924999713898;24,3000001907349;40
6412;145;72;"11-100%";"Autres peuplements feuillus";1;28,5421051728098;29,8999996185303;38
6412;157;202,765241450731;"3-74%;45-26%";"Hetraie";0;27,2534884962925;27,7000007629395;43
6412;162;232;"3-46%;1-33%";"Autres feuillus nobles";1;23,15294119891;23,1000003814697;34
6412;172;152,659509466438;"25-88%;1-12%";"Autres peuplements feuillus";0;25,0775000572205;24,7999992370605;40
6412;176;172,611182817257;"1-99%;3-1%";"Chenaie";0;21,6775002002716;22,5;40
6412;193;109;"11-100%";"Autres peuplements feuillus";0;25,9880952835083;26,1000003814697;42
6412;225;182;"1-100%";"Chenaie";0;25,1850002288818;25,1500005722046;40
6412;227;219,714844013531;"1-89%;3-11%";"Chenaie";1;23,102499961853;23,5;40
6412;231;67;"11-100%";"Autres peuplements feuillus";0;17,6341463414634;17,2000007629395;41
6412;263;27;"11-100%";"Autres peuplements feuillus";0;14,6047615550813;9,89999961853027;42
6412;307;193;"3-100%";"Hetraie";0;30,8658536585366;30,7999992370605;41
6434;92;164,834288082869;"1-74%;11-26%";"Chenaie";0;25,4268291287306;25,5;41
6434;221;140,984052397728;"3-51%;1-49%";"Hetraie";0;27,5853655280136;26,8999996185303;41
6434;225;169,935144660274;"3-79%;1-21%";"Hetraie";1;27,8243905044183;27,2000007629395;41
6434;235;222,951358495205;"3-100%";"Hetraie";1;24,5037039297598;25,3999996185303;27
6434;256;196,408640410121;"1-100%";"Chenaie";1;23,8238092604138;24;42
6434;315;106;"4-99%;1-1%";"Erabliere";0;21,7208334604899;20,7000007629395;24
6456;16;172,704659871157;"1-78%;3-22%";"Chenaie";0;22,8761904580253;23,1000003814697;42
6456;18;184;"1-100%";"Chenaie";0;30,6926826384009;30,7999992370605;41
6456;77;193,7657647254;"1-100%";"Chenaie";1;23,8785716465541;23,6000003814697;42
6456;151;205,708387112942;"3-83%;49-17%";"Hetraie";1;29,9526315990247;31,2000007629395;38
6456;157;212,613002589792;"3-99%;41-1%";"Hetraie";1;27,3238098961966;27,2000007629395;42
6456;183;134,65476683931;"11-100%";"Autres peuplements feuillus";0;21,151282334939;21;39
6456;237;201;"3-74%;1-26%";"Hetraie";1;26,5976194200062;26,2000007629395;42
6456;258;218,199059067199;"3-61%;1-39%";"Hetraie";1;26,2658538818359;26,2999992370605;41
6456;294;217,984836933593;"1-78%;3-22%";"Chenaie";0;29,4536584993688;29,7999992370605;41
6456;315;225,979631715252;"3-100%";"Hetraie";0;33,8826084966245;34,2999992370605;23
6456;317;204,684291586409;"1-54%;3-45%";"Chenaie";1;25,973170908486;26;41
6478;18;150,711901738264;"3-100%";"Hetraie";0;25,3499997615814;25,2999992370605;40
6478;67;143,720537649903;"3-73%;11-27%";"Hetraie";1;27,1911110348172;28,3999996185303;45
6478;141;188,848097409296;"1-78%;3-22%";"Chenaie";1;28,7357139587402;30,3999996185303;42
6478;162;187,917144041434;"3-100%";"Hetraie";1;27,8488368100898;29,1000003814697;43
6478;252;189;"25-67%;1-33%";"Autres peuplements feuillus";0;27,8463412959401;28,2999992370605;41
6478;273;172,989815857626;"1-100%";"Chenaie";0;25,8641030727289;25,7000007629395;39
6512;16;202,543385928329;"3-100%";"Hetraie";0;24,4179484538543;26,2999992370605;39
6556;8;172;"1-81%;3-19%";"Chenaie";1;24,7119048436483;24,6000003814697;42
6556;103;206,915183798768;"3-53%;43-26%";"Hetraie";0;28,2025002241135;28,7000007629395;40
6556;178;203,918930825342;"1-99%;3-1%";"Chenaie";1;23,4682921898074;23,3999996185303;41
6634;162;201;"1-76%;3-24%";"Chenaie";1;28,2095237913586;28,2999992370605;42
6634;166;201;"1-100%";"Chenaie";0;27,0219511636874;27,2999992370605;41
6634;221;254;"1-90%;4-10%";"Chenaie";1;27,6142856052944;27,5;35
6634;248;175,484455742157;"1-80%;3-20%";"Chenaie";1;25,1682927201434;24,7000007629395;41
6634;305;168;"1-100%";"Chenaie";1;24,7560970027272;25,2999992370605;41
6634;307;168,820478756441;"1-100%";"Chenaie";0;27,5926830477831;27,2000007629395;41
6712;6;178,90615074394;"1-82%;3-18%";"Chenaie";0;24,7142859867641;25,1000003814697;42
6712;8;245;"1-99%;14-1%";"Chenaie";1;27,4282054901123;26,1000003814697;39
6712;23;188;"1-52%;3-30%";"Chenaie";1;27,9717948620136;27,2000007629395;39
6712;61;215;"1-100%";"Chenaie";1;28,7380951018561;28,8999996185303;42
6712;65;226,831552617327;"4-53%;1-47%";"Erabliere";1;30,9666664865282;31,5;36
6712;88;215;"1-100%";"Chenaie";1;26,6268291938596;26,7999992370605;41
6712;124;178;"1-61%;4-39%";"Chenaie";0;29,4374997615814;30,2999992370605;40
6712;134;188;"1-100%";"Chenaie";1;26,0560977749708;25,6000003814697;41
6712;155;190;"1-100%";"Chenaie";0;26,2404759724935;26;42
6712;168;98;"11-100%";"Autres peuplements feuillus";0;20,5619047255743;20,3999996185303;21
6712;172;222,623186732166;"1-82%;41-18%";"Chenaie";1;23,8999996185303;23,8999996185303;3
6712;176;205,938895145757;"1-100%";"Chenaie";1;25,0853654814929;25,1000003814697;41
6712;193;228;"1-80%;44-20%";"Chenaie";1;22,4555560747782;23,2000007629395;36
6712;235;180,984836933593;"1-78%;3-22%";"Chenaie";1;26,9500002179827;27,1000003814697;42
6712;242;179;"1-100%";"Chenaie";1;27,5973683407432;27,7999992370605;38
6712;246;137;"29-100%";"Autres peuplements feuillus";0;29,6400002002716;29,7000007629395;40
6712;248;169;"3-100%";"Hetraie";1;27,5421054237767;26,4500007629395;38
6712;252;68;"11-100%";"Autres peuplements feuillus";1;23,9975611989091;23,3999996185303;41
6712;256;169,817741945589;"3-66%;1-34%";"Hetraie";1;23,9948715796837;23,8999996185303;39
6712;273;224,862835702681;"3-57%;1-43%";"Hetraie";1;25,0564101781601;25,1000003814697;39
6712;294;175,994684132576;"3-73%;1-27%";"Hetraie";1;25,777500295639;25,6000003814697;40
6712;307;184;"1-75%;45-25%";"Chenaie";1;31,0939394054991;30,1000003814697;33
6712;311;50;"3-100%";"Hetraie";1;15,4682926317541;15,1999998092651;41
6734;2;225,902795704314;"3-80%;1-20%";"Hetraie";1;25,9658537143614;26,1000003814697;41
6734;16;196,793440871668;"3-100%";"Hetraie";1;28,3285713195801;28,1000003814697;42
6734;23;252,659784484867;"3-43%;1-40%";"Autres feuillus nobles";1;28,9515154289477;28,3999996185303;33
6734;61;226,818136705229;"3-73%;1-27%";"Hetraie";1;25,7928570338658;26,1000003814697;42
6734;65;252;"1-78%;3-22%";"Chenaie";0;24,2452381224859;24,7999992370605;42
6734;86;150;"3-100%";"Hetraie";1;27,2846155411158;28,7999992370605;39
6734;92;176;"1-83%;11-17%";"Chenaie";1;26,1880955923171;26,1000003814697;42
6734;96;235,475245595751;"1-100%";"Chenaie";1;29,3690477552868;29,3999996185303;42
6734;98;210;"1-51%;3-49%";"Chenaie";1;26,9476186207363;27;42
6734;103;195;"3-100%";"Hetraie";0;27,256521805473;28,3999996185303;23
6734;113;203,97593608819;"3-100%";"Hetraie";1;30,2268294822879;30;41
6734;134;62;"3-100%";"Hetraie";1;27,5790697142135;29,5;43
6734;155;213,861906735724;"3-77%;1-23%";"Hetraie";0;27,3073170359542;27,2000007629395;41
6734;193;202,7657647254;"1-69%;3-31%";"Chenaie";0;25,8142855507987;26,0999994277954;42
6734;214;197,734206628802;"3-63%;1-37%";"Hetraie";1;25,9756094769734;25,8999996185303;41
6734;231;169;"1-100%";"Chenaie";0;22,535000038147;23,3999996185303;40
6734;235;168,796441117043;"1-99%;41-1%";"Chenaie";0;25,2268292496844;25,1000003814697;41
6734;256;220,723251507957;"1-100%";"Chenaie";1;23,095121848874;22,8999996185303;41
6734;258;187,98243792032;"1-100%";"Chenaie";1;27,1880950473604;26,8999996185303;42
6734;273;226;"1-66%;3-25%";"Chenaie";1;26,2384610298352;25,2999992370605;39
6734;307;218,81668543727;"1-74%;3-26%";"Chenaie";1;26,0075000286102;25,7999992370605;40
6756;225;204,878695468743;"1-100%";"Chenaie";1;28,1439024762409;27,6000003814697;41
6756;242;182,7657647254;"1-54%;3-46%";"Chenaie";1;26,9951218395698;27,3999996185303;41
6756;263;223,338433630391;"3-65%;1-35%";"Hetraie";1;28,4341465554586;28,3999996185303;41
6756;284;224,628366310685;"1-93%;13-7%";"Chenaie";1;26,7047617321923;26,8999996185303;42
6756;301;244,94907928813;"3-51%;1-49%";"Hetraie";1;28,2074998855591;27,7000007629395;40
6778;2;221;"1-56%;3-44%";"Chenaie";1;28,3902441815632;27,7000007629395;41
6778;61;190,859503362563;"1-78%;3-21%";"Chenaie";1;27,219512195122;28,6000003814697;41
6778;82;267;"3-100%";"Hetraie";0;29,2146341742539;29,1000003814697;41
6778;86;65;"27-100%";"Autres peuplements feuillus";0;17,2000007629395;17,2000007629395;4
6778;103;114;"1-100%";"Chenaie";1;24,7317073170732;24,8999996185303;41
6778;134;182;"3-100%";"Hetraie";1;29,4666672731057;30,2000007629395;39
6778;145;213,708150971233;"1-53%;3-24%";"Chenaie";1;30,380952835083;30,2000007629395;42
6778;155;260,778601206365;"1-60%;3-40%";"Chenaie";1;29,9365857752358;29,2000007629395;41
6778;176;239;"3-100%";"Hetraie";0;32,9904762903849;32,9000015258789;42
6778;221;194;"3-62%;45-23%";"Hetraie";1;25,0953489347946;25,1000003814697;43
6778;225;241,754130884485;"3-100%";"Hetraie";1;29,0224999427795;28,8999996185303;40
6778;237;290;"3-100%";"Hetraie";1;33,0275000095367;32,2999992370605;40
6778;242;229,886899614491;"1-96%;14-4%";"Chenaie";1;24,4170730869944;23,5;41
6778;258;259,667901809548;"3-100%";"Hetraie";1;30,968292561973;31,1000003814697;41
6778;284;231,983036759754;"3-100%";"Hetraie";1;31,0325003623962;31,6000003814697;40
6812;33;203,902716990411;"3-67%;1-33%";"Hetraie";1;27,4642857142857;27;42
6812;54;194,474139552362;"3-100%";"Hetraie";1;26,6800002204047;26,6000003814697;45
6812;75;34;"3-100%";"Hetraie";1;25,9547620954968;26,5999994277954;42
6812;98;174,751432124303;"3-100%";"Hetraie";1;27,204762277149;27,6000003814697;42
6812;113;212,798588600798;"3-100%";"Hetraie";1;24,5853658536585;25,3999996185303;41
6812;162;289;"3-100%";"Hetraie";1;28,3047619774228;28;42
6812;178;80;"3-100%";"Hetraie";1;23,636585654282;20,7000007629395;41
6812;235;219,939347734371;"3-73%;1-27%";"Hetraie";1;25,280952226548;26,2999992370605;42
6812;237;233,438966542935;"1-96%;3-4%";"Chenaie";1;26,3780487339671;26,5;41
6812;242;156,873486403637;"1-74%;3-26%";"Chenaie";1;24,197777472602;24;45
6812;258;243,698329020224;"1-85%;3-15%";"Chenaie";1;24,7069768683855;24,3999996185303;43
6812;284;205;"3-67%;1-33%";"Hetraie";1;27,1024384847501;26,3999996185303;41
6834;2;236,392473151963;"3-60%;1-40%";"Hetraie";1;25,8292680600794;26;41
6834;16;195,402889290892;"3-58%;1-42%";"Hetraie";1;26,2487800877269;26,7999992370605;41
6834;23;243,840902741143;"1-84%;3-16%";"Chenaie";1;23,6512195773241;23,6000003814697;41
6834;33;177,694661675565;"3-53%;1-47%";"Hetraie";1;25,5290316920127;25;31
6834;44;170,867606149139;"1-69%;3-31%";"Chenaie";1;25,0155558268229;25;45
6834;54;196;"1-76%;11-24%";"Chenaie";1;27,8093017755553;27,2999992370605;43
6834;61;181;"3-100%";"Hetraie";0;26,7119048436483;26,5;42
6834;65;269,226683613235;"1-59%;3-41%";"Chenaie";1;26,9428569702875;27,5;42
6834;67;211;"3-69%;1-31%";"Hetraie";1;28,0125000953674;28,1000003814697;40
6834;71;193,116203108633;"3-100%";"Hetraie";1;26,6799995422363;26,7999992370605;40
6834;75;229,599529533599;"3-66%;1-34%";"Hetraie";1;28,7756101096549;29,2000007629395;41
6834;82;237,439872169436;"1-76%;3-24%";"Chenaie";1;28,6375004768372;26,75;40
6834;86;251,599032280296;"3-64%;1-36%";"Hetraie";1;27,0071428843907;28,5;42
6834;88;254,701444645446;"1-75%;3-25%";"Chenaie";1;28,1761902854556;28;42
6834;92;84;"3-100%";"Hetraie";1;21,4666665849232;21,7000007629395;42
6834;96;219,94684132576;"3-100%";"Hetraie";0;29,6499998569489;30,1000003814697;40
6834;103;228,902716990411;"1-78%;3-22%";"Chenaie";1;26,5357143311273;26,5;42
6834;172;213,983155261733;"1-82%;3-18%";"Chenaie";1;26,8302321766698;27,2999992370605;43
6834;178;195,951358495206;"3-100%";"Hetraie";1;30,0137934191474;30,7000007629395;29
6856;16;211;"3-100%";"Hetraie";1;30,5048781139095;31,1000003814697;41
6856;18;235,789255043844;"1-100%";"Chenaie";1;26,5083332061768;26,5;36
6856;44;226,94907928813;"3-80%;1-20%";"Hetraie";1;26,9658535747993;27,6000003814697;41
6856;54;223;"3-100%";"Hetraie";1;31,4142860230945;32,2000007629395;42
6856;61;190,578440291781;"1-100%";"Chenaie";1;23,7774998188019;23,8999996185303;40
6856;82;249,796441117043;"3-69%;1-31%";"Hetraie";1;29,6950000286102;30,1000003814697;40
6856;96;125,438013450251;"1-100%";"Chenaie";0;27,1571431841169;28,1000003814697;42
6856;178;232,929751681281;"1-72%;3-28%";"Chenaie";1;26,5634145504091;26,7000007629395;41
6856;193;156,754130884485;"1-77%;5-23%";"Chenaie";0;26,4500002610056;26,1000003814697;38
6856;231;261,254163593151;"1-100%";"Chenaie";1;28,5756096723603;28,3999996185303;41
6856;258;35;"3-100%";"Hetraie";0;16,8523809342157;15,8999996185303;42
6856;301;197,448729612329;"1-67%;3-33%";"Chenaie";0;28,2975612268215;28,7000007629395;41
6878;44;165,719107040411;"3-54%;11-46%";"Hetraie";1;19,0771429879325;19,5;35
6878;61;208,578510087688;"3-100%";"Hetraie";0;30,1199997901916;30,8499994277954;40
6878;77;215,627081796575;"3-73%;1-27%";"Hetraie";1;29,7975611337801;30,2000007629395;41
6878;82;241,262392653454;"1-100%";"Chenaie";1;25,0487179389367;25,1000003814697;39
6878;88;81;"13-100%";"Autres peuplements feuillus";0;15,6827587916933;16;29
6878;98;228,484455742157;"1-100%";"Chenaie";1;28,8439023552871;29;41
6878;162;255,58245016267;"3-54%;1-46%";"Hetraie";0;28,596428326198;28,2999992370605;28
6878;166;169;"3-100%";"Hetraie";1;31,6731703223252;31,8999996185303;41
6878;176;238,168801227927;"1-100%";"Chenaie";1;25,2657144818987;25,3999996185303;35
6878;178;246,854075485617;"1-90%;3-10%";"Chenaie";0;27,5379313764901;27,7000007629395;29
6878;315;53;"1-100%";"Chenaie";1;19,745238167899;16;42
6956;8;226;"3-100%";"Hetraie";1;29,039024864755;30;41
6956;16;235;"3-74%;1-26%";"Hetraie";1;31,0743587689522;31,6000003814697;39
7034;183;194,562226456849;"3-58%;11-42%";"Hetraie";1;29,3404761268979;29,1000003814697;42
7034;221;243;"3-100%";"Hetraie";1;34,3642856961205;34,6000003814697;42
7034;225;222,938895145757;"1-100%";"Chenaie";1;27,9075002193451;27,5;40
7034;263;195,240487046481;"1-68%;3-32%";"Chenaie";1;27,729268097296;28,2999992370605;41
7034;284;239;"3-100%";"Hetraie";1;28,0625004768372;28,7000007629395;40
7112;2;185,952157193184;"3-82%;1-18%";"Hetraie";0;24,607692351708;23,4499998092651;26
7112;6;77;"11-100%";"Autres peuplements feuillus";0;22,3424242193049;22,6000003814697;33
7112;12;36;"11-100%";"Autres peuplements feuillus";0;16,108823299408;15,6999998092651;34
7112;44;163,924184667964;"1-99%;11-1%";"Chenaie";1;24,1261905942644;24;42
7112;65;264,315078892493;"3-63%;1-37%";"Hetraie";1;28,8536589552717;29,5;41
7112;67;228,967572330137;"3-88%;4-12%";"Hetraie";1;27,3166666485014;27,7999992370605;42
7112;77;183,968104795456;"1-74%;3-26%";"Chenaie";1;30,1093019884686;29,8999996185303;43
7112;88;189,659509466438;"1-77%;3-23%";"Chenaie";1;26,4780484641471;26,5;41
7112;103;273,647719864666;"3-85%;1-15%";"Hetraie";1;31,670731567755;31,6000003814697;41
7112;124;266,781290334707;"1-99%;14-1%";"Chenaie";1;26,9975609663056;26,5;41
7112;162;189,708150971233;"1-100%";"Chenaie";1;24,3682925526689;23,7999992370605;41
7112;168;122,947313760961;"3-50%;4-50%";"Hetraie";1;25,0775002479553;24;40
7112;193;235,857672204092;"16-63%;3-37%";"Erabliere";0;25,9170733195979;25,7999992370605;41
7112;204;168,806669430013;"1-52%;3-48%";"Chenaie";0;26,3625001430511;26,5;40
7112;221;258,734491721324;"3-71%;7-15%";"Hetraie";1;26,8048780022598;27,2000007629395;41
7112;227;262,864294078029;"1-80%;3-20%";"Chenaie";1;27,2650001049042;26,3999996185303;40
7112;231;244,647634428139;"3-63%;1-37%";"Hetraie";1;27,7177778879801;27,6000003814697;45
7112;246;169,736568804805;"1-59%;11-20%";"Chenaie";1;26,94878043198;27;41
7112;248;187;"14-100%";"Autres peuplements feuillus";1;26,6513514132113;26,2999992370605;37
7112;252;211,984185800455;"1-71%;3-29%";"Chenaie";1;28,7952381315685;28,3999996185303;42
7112;258;219,857849525691;"1-100%";"Chenaie";1;26,540000295639;26,2999992370605;40
7112;263;55;"11-100%";"Autres peuplements feuillus";1;22,6142858323597;20,7000007629395;42
7112;273;96;"5-99%;4-1%";"Frenaie";1;26,0395350788915;25,8999996185303;43
7112;284;313,994742234247;"3-64%;1-36%";"Hetraie";1;29,7199995517731;28,7999992370605;40
7112;301;217,806817123524;"1-72%;3-15%";"Chenaie";1;24,6878045244915;24;41
7112;305;220;"3-92%;1-8%";"Hetraie";1;29,0414632006389;29,2000007629395;41
7112;307;125,902716990411;"3-100%";"Hetraie";1;26,2731706572742;26,8999996185303;41
7134;2;185,877065442242;"3-73%;1-27%";"Hetraie";1;28,2256407126402;28,7999992370605;39
7134;6;234,834288082869;"3-100%";"Hetraie";1;30,3195122509468;29,7999992370605;41
7134;23;177,975698926079;"1-100%";"Chenaie";1;28,7238096509661;29,1000003814697;42
7134;44;220,286591263014;"1-100%";"Chenaie";1;28,5219515358529;28,1000003814697;41
7134;71;46;"5-100%";"Frenaie";0;21,9724999904633;21,3000001907349;40
7134;92;195,590597207007;"1-63%;14-19%";"Chenaie";1;27,3324996948242;26,8499994277954;40
7134;103;122;"1-62%;3-38%";"Chenaie";0;26,1149998188019;27,3999996185303;40
7134;145;218,075052949163;"3-100%";"Hetraie";1;29,4324995994568;28,8999996185303;40
7134;166;210;"3-100%";"Hetraie";0;32,5972968436576;31,5;37
7134;172;237,95427856756;"3-100%";"Hetraie";1;30,6365858868855;31,7000007629395;41
7134;231;151,545108007785;"3-89%;1-11%";"Hetraie";1;26,169047491891;25,2999992370605;42
7134;317;185;"1-74%;3-26%";"Chenaie";1;24,8116282529609;24,5;43
7156;166;213;"3-70%;14-30%";"Hetraie";1;30,9899998664856;30,8999996185303;40
7156;168;260;"1-100%";"Chenaie";1;26,3095236732846;26,3999996185303;42
7156;204;177;"5-99%;7-1%";"Frenaie";1;29,7023811794463;30,1000003814697;42
7156;227;209,835208109857;"3-35%;1-25%";"Autres peuplements feuillus";1;30,2000000363305;30,3999996185303;42
7156;248;263;"3-79%;29-21%";"Hetraie";1;30,776190394447;31,1000003814697;42
7156;263;49;"4-100%";"Erabliere";0;22,8621622549521;23,2000007629395;37
7178;103;230,98139937858;"3-56%;4-23%";"Hetraie";1;26,1804876094911;25,8999996185303;41
7178;162;167;"3-100%";"Hetraie";1;31,225;32,5999984741211;40
7178;221;184,491102792609;"1-100%";"Chenaie";1;21,2949999809265;22,1000003814697;40
7212;23;250,609845474333;"1-99%;3-1%";"Chenaie";1;30,3809522901263;29,8999996185303;42
3456;277;136;"1-100%";"Chenaie";0;20,6354835879418;20,3999996185303;31
4156;292;165;"1-69%;4-28%";"Chenaie";1;27,631707307769;26,7999992370605;41
4178;267;121;"26-100%";"Autres peuplements feuillus";1;23,6837837631638;24,7000007629395;37
4178;277;57;"3-100%";"Hetraie";0;17,3052631679334;17,3999996185303;38
4178;298;242,951358495206;"1-100%";"Chenaie";0;29,5224998950958;29,5;40
4256;37;232;"1-81%;4-19%";"Chenaie";1;25,9474999427795;26,2999992370605;40
4256;58;282,121896016017;"1-99%;11-1%";"Chenaie";1;25,9523811340332;25,7000007629395;42
4256;117;409,206590789194;"3-99%;45-1%";"Hetraie";1;32,399999332428;32;40
4256;132;81;"4-98%;11-2%";"Erabliere";0;18,9174999237061;19,5;40
4256;208;212,578440291781;"3-54%;1-46%";"Hetraie";0;26,4324999332428;25,7000007629395;40
4256;288;217;"1-100%";"Chenaie";0;22,6472219891018;22,7999992370605;36
4734;282;338,355396870637;"1-83%;7-17%";"Chenaie";1;28,0463417332347;28,1000003814697;41
4756;277;193;"5-90%;7-10%";"Frenaie";0;24,1500000635783;23,2999992370605;30
4756;298;173,98243792032;"5-69%;4-31%";"Frenaie";0;26,6722220314874;27,7999992370605;36
4778;27;34;"3-100%";"Hetraie";0;14,9774192379367;15,6999998092651;31
4778;52;193,502864248606;"3-85%;13-15%";"Hetraie";1;30,6317073542897;30,7000007629395;41
4778;111;199;"1-53%;3-47%";"Chenaie";1;33,5545454314261;33,0999984741211;33
4778;132;146,878494630393;"1-100%";"Chenaie";0;24,544444931878;24,7000007629395;36
4778;138;288;"1-78%;14-22%";"Chenaie";1;28,072972942043;28;37
4778;218;191;"7-74%;11-26%";"Autres feuillus nobles";0;24,838461802556;25,2000007629395;39
4778;277;202,854193556471;"1-100%";"Chenaie";1;26,5627904936325;26,3999996185303;43
4778;298;204,920929002273;"1-100%";"Chenaie";1;26,4097558463492;26,5;41
4812;197;196,958572020717;"1-100%";"Chenaie";0;23,9149997234344;24;40
4812;288;151;"5-100%";"Frenaie";0;21,7133335749308;20,7000007629395;30
4812;292;124;"11-53%;1-47%";"Autres peuplements feuillus";1;26,9166667726305;26,3999996185303;18
4834;107;134;"13-57%;25-43%";"Autres peuplements feuillus";0;28,2025002479553;28,2999992370605;40
4834;187;237,666412539043;"1-69%;5-31%";"Chenaie";0;26,3947364907516;26,8999996185303;38
4834;212;170,789255043844;"5-81%;25-19%";"Frenaie";0;23,0299999237061;23,5;40
4834;292;185;"29-100%";"Autres peuplements feuillus";0;24,7096770501906;26,2999992370605;31
4856;27;190,592634305044;"1-80%;44-20%";"Chenaie";1;24,3214284806024;24,2000007629395;42
4856;31;210,894627521922;"5-100%";"Frenaie";0;25,0216217041016;25,1000003814697;37
4856;107;274,964875840641;"1-100%";"Chenaie";1;24,7157894435682;24,1000003814697;38
4856;277;190;"5-100%";"Frenaie";0;NA;NA;0
4878;27;175,918930825342;"4-54%;5-46%";"Erabliere";0;26,3804881398271;27,7000007629395;41
4878;107;238,847330837783;"5-78%;3-22%";"Frenaie";0;30,2048779929556;29,7000007629395;41
4878;122;169,94907928813;"5-55%;1-33%";"Frenaie";0;30,6833332379659;30,6000003814697;36
4912;181;197;"1-100%";"Chenaie";1;24,0846155606783;23,7000007629395;39
5278;52;202;"1-100%";"Chenaie";1;27,7717949304825;28,2000007629395;39
5278;107;252,859503362563;"1-84%;7-16%";"Chenaie";1;28,5853655745343;28,7999992370605;41
5278;122;185,578510087688;"5-59%;4-41%";"Frenaie";1;29,1947363803261;29;38
5312;101;158,848369335928;"1-100%";"Chenaie";0;23,6820510962071;23,5;39
5334;37;192,935144660274;"1-100%";"Chenaie";0;21,7399998256138;21,2999992370605;35
5334;58;240,481157282192;"1-99%;4-1%";"Chenaie";1;22,947500038147;22,8500003814697;40
5334;101;260;"1-50%;3-50%";"Chenaie";1;26,2809520903088;26,2999992370605;42
5334;122;138;"1-100%";"Chenaie";1;23,1564102172852;22,5;39
5334;187;61;"11-100%";"Autres peuplements feuillus";1;22,6476191111973;23,1000003814697;42
5334;208;214;"1-88%;4-12%";"Chenaie";0;25,6499998304579;25,7999992370605;36
5334;218;161;"25-59%;4-41%";"Autres peuplements feuillus";0;25,4214289528983;21,6000003814697;42
5334;267;229;"1-72%;3-28%";"Chenaie";0;27,1315792987221;28,7000007629395;38
5356;37;206,631196326727;"1-74%;5-26%";"Chenaie";0;26,8357142947969;26,6999998092651;42
5356;117;147,877065442242;"1-49%;11-26%";"Autres peuplements feuillus";1;25,3829271270008;25,7000007629395;41
5356;218;202,983036759754;"1-100%";"Chenaie";1;23,2474994659424;23,7999992370605;40
5356;271;134,754130884485;"1-70%;17-30%";"Chenaie";0;20,7380955105736;20,2000007629395;42
5356;298;252,43859591614;"1-100%";"Chenaie";1;23,7574999809265;24,6000003814697;40
5378;37;172;"1-100%";"Chenaie";1;23,7214285532633;24,1000003814697;42
5378;58;391;"1-100%";"Chenaie";1;22,5119048527309;22,1000003814697;42
5378;271;228;"1-100%";"Chenaie";0;26,3657894134521;26,3999996185303;38
5378;288;165;"3-69%;50-31%";"Hetraie";0;32,1850001335144;32,0999984741211;40
5412;31;177,696236575982;"5-79%;26-21%";"Frenaie";0;28,0095237096151;27,4499998092651;42
5412;48;248;"1-100%";"Chenaie";0;30,5790699803552;30,6000003814697;43
5412;132;193;"1-100%";"Chenaie";1;23,1292680414712;22,8999996185303;41
5434;58;145,7877170703;"4-48%;7-31%";"Autres feuillus nobles";0;24,9093751311302;25,6000003814697;32
5434;117;184;"3-54%;1-46%";"Hetraie";0;23,6708333492279;24;24
5434;128;158;"1-100%";"Chenaie";0;31,5857148397536;34,7000007629395;42
5434;132;231;"1-74%;14-26%";"Chenaie";0;26,114999961853;24;40
5434;138;181,920929002273;"1-100%";"Chenaie";0;26,3432432638632;26,6000003814697;37
5434;202;95;"1-100%";"Chenaie";0;20,8782608198083;20,7000007629395;23
5456;21;154,938895145757;"5-100%";"Frenaie";0;27,6160000610352;27,6000003814697;25
5456;37;181,755580583026;"4-59%;5-41%";"Erabliere";0;25,7414633588093;25,2999992370605;41
5456;52;123;"17-64%;1-36%";"Erabliere";1;18,0292682880309;18,8999996185303;41
5456;117;203,813944640161;"1-100%";"Chenaie";0;21,8536583970233;22,7000007629395;41
5456;138;72;"3-100%";"Hetraie";1;20,1923077901204;19,2000007629395;39
5456;212;243,734206628802;"1-100%";"Chenaie";1;25,9651167226392;26,1000003814697;43
5456;218;277,984052397728;"1-69%;3-31%";"Chenaie";1;26,1944444974263;26,6000003814697;36
5456;282;235;"1-68%;3-32%";"Chenaie";1;28,6891887252395;27,7999992370605;37
5456;292;161;"1-100%";"Chenaie";0;24,1124997615814;24,7000007629395;40
5478;27;180;"1-100%";"Chenaie";0;24,7333330881028;24,7999992370605;42
5478;52;175,903334715007;"1-79%;5-21%";"Chenaie";0;25,1736841201782;25,2999992370605;38
5478;101;171,938895145757;"1-100%";"Chenaie";0;21,2707316701005;21,7999992370605;41
5478;122;224;"1-100%";"Chenaie";1;22,9536588715344;23;41
5734;191;151;"1-77%;3-23%";"Chenaie";1;24,8880957194737;25;42
5778;277;161;"1-100%";"Chenaie";1;24,109524227324;24,2000007629395;42
5812;31;166,636086406228;"1-100%";"Chenaie";1;22,2279070477153;21,5;43
5812;37;155;"1-100%";"Chenaie";1;19,8170730776903;19,7999992370605;41
5812;48;211;"1-93%;14-7%";"Chenaie";0;21,5882356307086;21;34
5812;58;183,833206269521;"1-100%";"Chenaie";0;24,5452379953294;24,7000007629395;42
5812;128;100;"1-100%";"Chenaie";1;17,8707317259254;16,7000007629395;41
5812;191;147,98243792032;"1-100%";"Chenaie";1;21,9897431593675;22;39
5812;208;111;"1-98%;45-2%";"Chenaie";0;24,0238097508748;23,7000007629395;42
5834;27;153;"7-100%";"Autres feuillus nobles";0;20,7424998760223;22,6000003814697;40
5834;261;128;"1-100%";"Chenaie";1;19,7558139978453;19,5;43
5834;282;263;"1-98%;4-2%";"Chenaie";0;22,3880950836908;22,7000007629395;42
5834;288;221;"1-100%";"Chenaie";0;22,9837840312236;23;37
5856;58;209,075811408904;"1-82%;11-18%";"Chenaie";1;21,3000003723871;22,2000007629395;42
5856;117;197,221735923288;"1-77%;3-23%";"Chenaie";1;23,935000038147;24,1000003814697;40
5856;187;146,992092900227;"1-100%";"Chenaie";1;22,2702702187203;21,1000003814697;37
5856;208;157;"1-100%";"Chenaie";1;24,6380950382778;25,3999996185303;42
5878;117;109;"1-100%";"Chenaie";1;22,8761904580253;23,8999996185303;42
5878;132;41;"13-100%";"Autres peuplements feuillus";1;22,9624997615814;25;40
5878;187;135,736568804805;"1-100%";"Chenaie";1;21,3055557674832;20,2000007629395;36
5878;208;143,969673867186;"1-74%;3-26%";"Chenaie";1;25,7804881770436;27,1000003814697;41
5878;218;205,756989260785;"1-100%";"Chenaie";1;24,0642858232771;24,5;42
5878;267;40;"3-100%";"Hetraie";1;13,5214285850525;12,8000001907349;42
5878;282;147;"3-100%";"Hetraie";0;18,0973686419035;17,7000007629395;38
5878;292;191,986190673572;"1-100%";"Chenaie";0;26,5375000476837;26,1000003814697;40
5878;298;187,857672204092;"1-100%";"Chenaie";1;23,4658532491544;23,7000007629395;41
5912;31;156,701444645446;"1-100%";"Chenaie";1;17,8410258170886;18,5;39
5912;42;166;"1-100%";"Chenaie";1;18,6000000181652;19,2999992370605;42
5912;58;174,841178182051;"1-100%";"Chenaie";0;22,9738093330747;23,2000007629395;42
5912;101;188;"1-100%";"Chenaie";0;24,7380953289214;24,5;42
5912;122;219,833950904774;"1-100%";"Chenaie";0;25,6333334786551;26,1000003814697;42
5912;132;172,947313760961;"1-100%";"Chenaie";1;23,6499998569489;23,8999996185303;40
5912;181;224;"1-95%;3-5%";"Chenaie";1;21,8846155802409;22,3999996185303;39
5912;191;217;"1-100%";"Chenaie";1;26,4967741197155;25,7000007629395;31
5912;197;153;"1-100%";"Chenaie";0;18,3864861565667;18,7999992370605;37
5912;208;174,545108007785;"1-100%";"Chenaie";0;21,5878048408322;21,7999992370605;41
5912;218;208,620923339821;"1-100%";"Chenaie";0;26,8200002670288;27,5;40
5912;267;148,736568804805;"1-100%";"Chenaie";0;21,9488371472026;22;43
5912;277;151;"3-61%;1-39%";"Hetraie";1;26,2150000572205;27,75;40
5912;282;240;"1-100%";"Chenaie";1;25,9609756934934;25,7000007629395;41
5912;292;123;"3-100%";"Hetraie";0;23,6571429116385;24,3999996185303;42
5934;37;215;"3-100%";"Hetraie";0;30,9999998092651;31,2000007629395;40
5956;48;188;"1-100%";"Chenaie";0;28,8571431750343;29;42
6234;267;135;"1-100%";"Chenaie";1;25,9142859776815;26,7999992370605;42
6334;48;139,457176312116;"1-100%";"Chenaie";1;18,5274999141693;18,2999992370605;40
6334;101;153,778601206365;"11-65%;1-35%";"Autres peuplements feuillus";1;25,4804882421726;24,7000007629395;41
6334;122;67;"3-100%";"Hetraie";1;22,2652176566746;22,1000003814697;23
6334;132;222,380322615003;"3-100%";"Hetraie";1;29,1095238186064;29,5;42
6334;181;193,930953367862;"1-62%;3-38%";"Chenaie";1;24,7904763902937;24,2000007629395;42
6334;197;201,772554003893;"1-78%;3-22%";"Chenaie";0;26,8349997520447;26,8500003814697;40
6334;282;177,521345308427;"1-80%;11-20%";"Chenaie";1;23,2162791850955;22,7999992370605;43
6334;298;200,711901738264;"1-100%";"Chenaie";0;29,0315789674458;25,2999992370605;38
6434;191;41;"3-100%";"Hetraie";1;17,0214290164766;16,5;42
6512;52;217,49069968929;"3-100%";"Hetraie";0;29,4928569793701;30,2999992370605;42
6578;31;89;"1-100%";"Chenaie";0;19,544736912376;19,9499998092651;38
6712;292;189;"4-42%;13-30%";"Autres peuplements feuillus";1;27,5439023273747;28,3999996185303;41
6734;277;187;"1-100%";"Chenaie";0;30,4023809432983;30,8999996185303;42
6756;261;218,924184667964;"3-100%";"Hetraie";0;28,9405409323203;29,7000007629395;37
6778;218;289,863462903492;"1-83%;4-17%";"Chenaie";1;27,6357143492926;28;42
6778;277;195;"1-80%;3-20%";"Chenaie";1;31,1621615951126;32,0999984741211;37
6812;31;85;"3-100%";"Hetraie";1;24,1049996376038;23,8999996185303;40
6812;48;189,917144041434;"3-72%;1-28%";"Hetraie";1;31,4199994087219;32,0999984741211;40
6856;58;202,789255043844;"1-100%";"Chenaie";1;25,1024389499571;25,3999996185303;41
7034;181;228,484455742157;"1-100%";"Chenaie";1;24,3874997138977;24,3999996185303;40
7112;267;253,420451370571;"3-76%;1-24%";"Hetraie";1;27,4600002288818;27,3999996185303;40
7112;271;201,89385853515;"1-100%";"Chenaie";1;27,0756099049638;26,7000007629395;41
7112;288;135;"3-70%;1-30%";"Hetraie";1;25,1121949451726;24,6000003814697;41
