"typologie_mature_simplifiee";"n_avant";"q05_cdom";"q10_cdom";"q25_cdom";"q50_cdom";"q75_cdom";"geom";"n_apres_q05";"pct_gardes_q05";"n_apres_q10";"pct_gardes_q10";"n_apres_q25";"pct_gardes_q25";"n_apres_q50";"pct_gardes_q50";"n_apres_q75";"pct_gardes_q75"
"Autres feuillus nobles";16;223,952664593356;226,573556864405;240,820035953875;262,281692032865;277,812600361802;c(116503.555873899, 120501.807141335, 142495.041382294, 145503.682912238, 153510.670589955, 157498.404600543, 168507.564110383, 178500.717429578, 184507.188305961, 190506.579978438, 198488.40301814, 202504.28739843, 209499.358608685, 211498.609876385, 235504.249087266, 246499.999678173, 131504.169086431, 147499.849150064, 87504.7237011576, 80000.1558069233, 92999.9418024775, 116002.455932377, 116499.480838963, 99487.9219301213, 152498.093287066, 129500.288639291, 127506.252720982, 77498.2153218491, 
131008.919485525, 56986.1030850634, 137007.149428559, 142500.000301481);7;43,75;7;43,75;5;31,25;2;12,5;2;12,5
"Autres peuplements feuillus";59;138,575309234274;141,238428866947;168,254130884485;221,870116243317;240,107204318992;c(76500.5586031246, 103502.051125806, 110504.314986202, 112500.813820533, 120497.542060609, 131491.319696812, 136499.851382564, 139495.944422617, 139500.565756187, 139509.755557898, 140499.377245294, 141499.863528013, 141502.656584202, 142500.75946234, 143492.744927329, 146492.750846824, 146503.396051658, 147493.767676609, 147497.995395234, 149491.404566983, 154496.655353836, 154497.179295948, 162502.242712527, 164505.496204148, 164507.867091609, 167511.616447099, 168504.201757525, 172505.735624258, 
183487.888755122, 184498.47990148, 187508.947469498, 190510.273302138, 193505.403680642, 194505.448635021, 201499.999683825, 205506.583368276, 206501.306284473, 208490.420428366, 208515.433162957, 222491.600267355, 223508.494928674, 224505.414448218, 225497.498308517, 229506.38416377, 233501.43183793, 234495.269998968, 237492.643344236, 238501.863900885, 238502.229059108, 239502.575044885, 242486.765849277, 246496.752362583, 249488.457993278, 254503.743952834, 265500.397922558, 274504.155097779, 
275498.546183558, 278500.599668788, 284499.320566487, 134498.807664575, 114997.831844562, 130508.196463149, 119495.270224839, 131494.038900736, 141995.67903237, 117506.818602563, 77001.6390460804, 118007.854828565, 120004.2626466, 116495.139605657, 116011.660616823, 150003.192964244, 107506.512057583, 76998.2853461271, 82505.4711202439, 85499.5146605344, 151993.406042596, 98002.7571836952, 77994.6421697754, 115500.224206448, 110499.339027773, 77496.4285997339, 76488.6532815518, 126497.806539814, 
99953.9979159189, 82500.7674035197, 116495.291482371, 77985.0792037165, 82499.6415903326, 114992.645224816, 130496.585442829, 60004.2377680577, 79494.3402223485, 76000.0003157184, 79997.0933078891, 52497.8394448617, 132505.078095873, 52491.9569406677, 139507.450461116, 144981.684696713, 106495.082766674, 84992.6648396105, 139998.843731878, 143002.135667805, 94496.5786089031, 24998.4642835064, 34494.8413475445, 107498.666592667, 37007.0809324356, 104500.311030552, 140502.900551583, 155999.341565943, 
139501.477898514, 155998.164362578, 154508.980703522, 147001.267996549, 145503.58104876, 131491.81059098);24;40,6779661016949;22;37,2881355932203;15;25,4237288135593;6;10,1694915254237;5;8,47457627118644
"Chenaie";427;183,85077424981;204,187100408367;238,172929901262;259,690142601946;278,138107850307;c(78493.0372428373, 96505.4506670836, 105497.08546035, 113501.641223974, 114491.591032998, 122491.977508702, 124506.517087194, 132499.999709152, 133509.043751184, 134495.656440849, 136495.25297259, 136503.71241109, 137494.538622319, 137499.999704194, 137504.04187022, 138499.114481583, 138500.638344893, 139496.730052076, 139498.83398229, 140498.961911671, 140503.150560299, 141494.600973395, 141499.547802273, 141508.903833312, 142488.780547897, 143495.08745232, 143500.047270364, 144499.999703258, 144506.210716253, 
145487.728647055, 145491.636517816, 145494.414223041, 145498.472337089, 145498.658049905, 145500.939248455, 145503.595384884, 145507.1359788, 145507.705837873, 145510.748810238, 146498.096620223, 146501.730268417, 146511.17894052, 147503.002718227, 147504.86405127, 148488.176475988, 148495.001306791, 148498.143219875, 148499.326565328, 148504.590671035, 148508.36462071, 149494.757164373, 149510.15342751, 150495.438293645, 150498.061091763, 150499.623580838, 150499.869715066, 150507.95507464, 151478.953738835, 
151490.247202706, 151493.228882396, 151500.649467844, 151504.405355166, 152489.147419889, 152490.449838305, 152493.081296699, 152501.838822994, 152502.698325856, 152507.37788541, 153493.722010366, 153496.963633728, 153498.896821793, 153499.628251302, 153501.208184596, 154497.062240133, 154497.986043242, 154502.928776445, 154508.517794742, 155482.86090175, 155492.574743721, 155498.181463531, 155499.554088313, 155500.892043602, 156490.938900503, 156506.7051606, 156510.364102363, 157490.349589034, 157491.462578143, 
157494.887105223, 157495.778973174, 157510.615852321, 158491.676480448, 158492.452186573, 158494.805848623, 158497.928745319, 158500.248827225, 158500.357550986, 158502.664709866, 158503.405507933, 159490.644132663, 159492.814326726, 159501.080690747, 160511.010466062, 161493.849584327, 161498.893993817, 161499.568742097, 161500.813781551, 161503.676244561, 161505.585811133, 161505.896577134, 162494.250069561, 162497.564025515, 162499.713578877, 162500.099194758, 162504.702192558, 163488.054139551, 
163492.909176745, 163493.320071912, 163498.052563055, 163499.999701039, 163502.236039154, 163504.230222824, 164489.158074374, 164493.720534137, 164498.824557756, 164500.263863281, 164504.550168997, 164508.56487892, 164512.544230247, 165492.48610998, 165495.431893144, 165495.748541272, 165497.249019693, 165500.174153746, 165504.145805366, 166492.071481803, 166493.242888894, 166499.091514971, 166499.203345991, 166499.220439641, 166499.999701313, 166500.233804408, 167496.171769099, 167505.652444496, 
167510.72294184, 168493.360121721, 168497.591528029, 168498.632362608, 168504.280289243, 168507.098098025, 169500.38292712, 169501.029666326, 169503.008596202, 170490.21507481, 170491.727675812, 170497.91676588, 171484.149932642, 171510.001451068, 171517.136571725, 172495.249433624, 172502.644297818, 172503.232615724, 172529.008765187, 173498.04397559, 173500.76376265, 173501.553697383, 173506.144759777, 173507.926724692, 174495.42229046, 175495.708807686, 175495.822783032, 176497.943932077, 176500.449203279, 
176501.105143448, 177500.703377842, 178506.897624369, 179504.345542363, 179513.075775576, 180499.521051909, 180499.999693061, 180502.972262026, 180506.110141064, 180519.51403058, 181504.654749632, 182494.813656891, 182499.733083743, 183486.815288232, 183498.484139635, 183499.748323951, 183502.088406169, 183506.895743419, 183512.473007668, 184489.830460214, 184499.128649149, 184514.043776059, 185494.335715919, 185500.53926269, 186492.571884889, 186508.232730008, 186510.36796171, 186511.320697203, 
187496.668691189, 187499.362368435, 187504.975968909, 188504.865911843, 188509.049197086, 188512.555556501, 189494.007576046, 189498.533249573, 189500.082906527, 189501.041078587, 189501.61019739, 189504.513892942, 190487.729543415, 190490.750771856, 190495.134151842, 190498.271912104, 190499.789350139, 190500.043149835, 190500.871044727, 190502.614178244, 190506.550884925, 190509.272353884, 190509.946114374, 191486.282622493, 191495.968004027, 191502.413202136, 192482.042474337, 192485.904361558, 
192497.66257421, 192505.593656428, 193491.949171516, 193496.27064069, 193498.650777803, 193499.103492541, 193502.916680091, 193503.557525045, 194486.787869116, 194493.507673781, 194502.370721121, 194506.925484577, 194507.458956475, 195487.995103978, 195493.03933703, 195497.46310677, 195497.544783214, 195497.820977536, 196501.281193833, 196506.228980416, 197492.923618007, 197493.457319172, 197494.620140746, 197496.552171775, 197501.068825078, 197506.810368761, 197507.372113034, 198491.880773703, 198495.194651083, 
198498.849466754, 198502.898265624, 198503.223250883, 199482.90237541, 200447.653078647, 200500.249179424, 200502.473753415, 200519.009601575, 201497.602183499, 201500.034012158, 201500.524894509, 201504.046212258, 202498.295083851, 202500.94784896, 202501.451522857, 202501.702028575, 202505.070090032, 202505.761506309, 203502.380373, 203503.78120728, 203504.972448089, 203507.299026221, 203510.511015125, 204488.219391825, 204496.483872014, 204503.512742573, 204534.354962864, 205493.4537003, 205504.861661111, 
205506.457852887, 205510.217787306, 206486.059316819, 206496.068113437, 206498.178347492, 206503.277548597, 206503.521181233, 206508.930050536, 206508.95047403, 207495.688793866, 207499.321335191, 207503.612608157, 208487.681206759, 208499.292988261, 208500.025401005, 208504.647411988, 208519.27378923, 209497.849682017, 209498.778090767, 209499.320000413, 209501.307286478, 210495.949613367, 210497.368089228, 210505.04627431, 210506.253166376, 212492.250195545, 213496.405977196, 213496.833473681, 
213498.151620619, 214494.760495862, 214496.95772452, 214497.501342361, 214499.667521173, 214501.827931749, 215502.32944962, 216472.299914315, 217495.57460125, 217506.893914014, 217506.977196004, 218489.846798314, 218500.714487057, 218502.305208653, 218503.037741361, 219480.12059973, 219499.71442967, 220526.40590889, 221491.014590563, 221503.501528456, 222489.094421002, 222497.297306593, 222498.124561885, 222503.466693796, 222504.670304807, 223495.222559681, 223502.082380719, 223502.606711164, 223504.01910114, 
223509.76757356, 223524.882439113, 225495.837961468, 225500.292143737, 225503.121910155, 225503.497490414, 225504.994350358, 226494.659984851, 226497.38737129, 226497.722344783, 226498.522099001, 227490.734770232, 227494.484971109, 228498.942484967, 228501.417982068, 228522.017649289, 229491.11484309, 229496.343168709, 229496.82206834, 230489.828027349, 230495.147418461, 232489.652711559, 232495.371250296, 233499.163820196, 234486.047279264, 234490.24181955, 234491.398755265, 234501.011184866, 234504.640038726, 
235484.287974008, 237487.373478061, 237495.923689434, 237501.713900152, 237503.298434309, 238487.310014464, 238491.18746323, 238492.6917081, 238505.012443349, 238506.315582329, 239474.533928309, 241488.363601825, 241497.799519802, 243487.346892815, 243496.521844401, 243505.749051083, 243508.063965188, 244502.846632047, 244503.599820337, 244505.506230673, 245504.355369624, 245505.439072973, 246495.5896653, 246497.899723438, 246500.180641751, 246500.453237633, 246503.634756451, 246504.825256187, 246509.285981075, 
247492.286433355, 249490.564495931, 250490.765539766, 250494.243916232, 250495.498827103, 250496.402153596, 253500.444509055, 253502.227226318, 254508.747768078, 255503.445215929, 257493.080880762, 257496.751838674, 257506.602526134, 259494.617169391, 259502.512631831, 265496.576007844, 268495.617236333, 269499.177086616, 270494.559546917, 270495.088255526, 273502.757182277, 274503.122671513, 277501.647142543, 277502.650609618, 277505.355804586, 279491.868236278, 134492.186723912, 131497.999482975, 
131004.083151522, 119999.083987622, 115503.059103737, 145501.445477961, 127500.851419629, 107500.000297447, 109999.028609495, 92493.8822971471, 74512.8126178607, 91498.5136510218, 116002.964082324, 80000.000306339, 92998.2204185631, 92499.0775407003, 79497.3603198752, 95001.950028264, 92991.6498446316, 107509.245907664, 112501.295321351, 86000.3674994549, 95998.3042314993, 94993.3500073431, 94492.5175705906, 86998.8567629596, 92990.6780232498, 89500.0003043469, 86505.7339720158, 85004.2572484398, 
96011.0669839317, 85997.3945920765, 77992.5024258876, 87999.1314946199, 114995.256199814, 76001.0340622282, 115997.065138626, 113002.888399781, 117995.155081534, 97498.6521779262, 77501.8362628128, 87500.5871854071, 117997.703664137, 74999.4280130351, 122504.985418386, 92498.5767881749, 86506.5809390638, 117507.559321822, 102489.882114724, 76499.2231310541, 84999.209986073, 75996.700164781, 99499.3943969989, 87501.9893198116, 75506.7054608213, 89507.5834722407, 77497.419516298, 104985.319745226, 
89994.9963315465, 92001.9163533151, 87997.8248471674, 114989.874049371, 92509.0447556023, 79499.7519482849, 91496.7014668668, 111502.478730933, 81507.8408213938, 87493.1961581511, 74989.1963594146, 90006.1115270434, 86002.4714572364, 114999.988303171, 76000.158363943, 99506.8581597758, 90500.6824855935, 92495.3254424511, 94497.5154567491, 93006.8007995533, 117002.223575384, 89997.1007016385, 78004.8316630842, 92003.4269662183, 116503.051843333, 91497.9295681715, 159502.447293038, 77997.6038670167, 
113009.44687821, 94989.9241269324, 90006.0676257676, 76000.5670360057, 92505.226870846, 74494.5813362794, 117501.431949112, 80492.8817967707, 94503.1998906219, 90500.9900548281, 99498.6813910762, 79503.6816260619, 118000.375005505, 74982.4498944674, 79947.3361213328, 107501.442934739, 103004.254384297, 78000.9723973498, 90006.2486097589, 117998.985181965, 81004.2302038781, 104996.96871141, 80001.4767738543, 79509.9065925786, 92500.0663114991, 109503.012314667, 90503.6330357166, 80499.2710061185, 
77004.0712380791, 87006.8620953141, 78002.8771516513, 113001.679743137, 118000.00029818, 89960.3821323123, 93025.9612194607, 116505.926983926, 114501.27217889, 81502.8773113564, 111495.448132277, 117505.438662086, 82501.7208568696, 79479.0431440882, 83000.0426620478, 75000.9206081592, 111009.691959991, 116009.747529512, 79999.5182192009, 90002.7082806583, 82500.0653334064, 80496.8489354514, 77498.0129884137, 79502.9039259106, 92502.7101281397, 127500.000295728, 90495.3869885365, 82004.4908961393, 
91995.6252342165, 79999.6203995161, 94470.8367672153, 92493.5291484818, 91495.8296076125, 76501.4779376648, 84496.11336549, 116009.096649403, 83009.423867723, 101008.935330739, 79493.2681536181, 85496.6292184899, 92498.7488486087, 93000.2484339261, 101999.757678457, 84992.6772617307, 106492.874106271, 84503.0431576958, 82509.2254355233, 99491.616607218, 125002.350081293, 106001.657859099, 99997.045512205, 92994.6401614062, 91003.4439835055, 110502.907512548, 93002.8209940847, 99998.730936897, 101505.977146157, 
99447.4013132798, 94499.4522144981, 100003.770466786, 125504.512103421, 96995.0354080945, 99953.7039435981, 109453.963406779, 96500.0003067888, 99481.2197752558, 124498.092197889, 74529.5264469115, 95998.9677136112, 107493.729567689, 104505.673475994, 117995.18850557, 96997.51252029, 117004.977708332, 80006.9776220154, 123010.282712267, 82002.297544064, 117494.622559368, 119461.462117427, 96504.052705464, 85000.6525917798, 104995.656937283, 57503.2474247199, 114498.25828381, 90510.1581979189, 102504.462107989, 
78016.966560958, 121992.569223635, 85017.8169603208, 117492.529950256, 84485.5327367727, 79487.0081062624, 126005.888183944, 57992.5675070034, 85007.4524165541, 91006.3490558919, 120993.82851898, 93002.0696516596, 67498.1190953767, 115496.282479565, 112502.418954838, 77506.5838130452, 59513.6504544802, 92506.1678623296, 84495.5583431348, 82500.953797929, 90500.2550067967, 54497.2809405914, 85500.0856189849, 119964.903093028, 98005.7358176569, 92003.0708648972, 137527.806299233, 77494.3648534529, 
79500.696843382, 119467.52321597, 79999.4185580099, 95000.6238300055, 121013.28860122, 103002.686028617, 56005.168668244, 90994.384891985, 124494.655581791, 80495.9389261557, 54493.0848074174, 122502.294626962, 92492.2633909713, 92990.6509581143, 124998.41154156, 82009.9913870487, 56999.9497393593, 122008.301204775, 126510.102279251, 97505.2652491489, 60005.3609603886, 57987.2754883673, 76000.8309228634, 100997.952261129, 99999.7651133221, 87999.142259391, 80004.059153053, 80502.3857903918, 79500.498403375, 
54496.251228069, 99494.3290288309, 129494.701158384, 124985.90296742, 112459.801904728, 76504.2129551768, 51497.9796478283, 92521.8634458464, 92997.4443319738, 80001.0686568134, 78000.5219613835, 99994.5913484776, 52486.9190891692, 92495.9163413439, 129500.151236155, 50501.6304457942, 100493.776624472, 97503.5477945888, 96996.7767583048, 81999.2060131459, 93036.2178420164, 51989.6684203092, 98008.9120611707, 99496.1031303005, 91504.2894487968, 126501.861513602, 102525.935351892, 95007.132500248, 
46000.7619381631, 50998.383401528, 74999.2017257465, 47498.428225982, 82491.4359886805, 79510.5464454936, 80499.6724992068, 102495.886403942, 104500.886305353, 57493.1060149875, 81997.0554218339, 96989.5878926041, 132000.006492736, 142500.540022709, 81493.9935173541, 107507.367175848, 46496.3828307921, 97494.7860995093, 54996.2159184683, 105999.578749162, 59997.47952017, 98001.2831680542, 80509.90482854, 120497.470508357, 47499.0647487901, 89511.0639654621, 101498.197033562, 80003.7887950139, 48004.9659390794, 
110001.084799897, 49506.472700011, 50510.9376815492, 52496.9026765181, 82501.1911524078, 80493.8531364081, 46994.6645623948, 107482.248086247, 40998.6226465534, 45998.3318579029, 68000.8754078345, 135502.027766553, 94498.1224973574, 92491.0431355815, 84500.2567490311, 37989.2787986342, 87000.569827212, 39465.6887438707, 35999.2378398906, 95994.2737115212, 107510.039396426, 49513.5857627541, 70503.3982134163, 50499.2343588434, 47497.2971843816, 51999.8418010753, 37010.8299848661, 107009.339239655, 
91999.2238925751, 131991.745683938, 39969.7798885638, 105010.893002464, 107998.639830532, 54989.2555505531, 91005.3445301689, 139987.434772936, 39489.6968903253, 64496.17909892, 90509.1164847165, 112511.476636106, 112000.137828127, 139986.962547745, 36502.8794422084, 139492.581688196, 39468.2268911917, 47998.6081281183, 29993.5790658118, 110008.340081246, 130498.511377192, 34500.675973949, 126505.65825322, 36497.4897907181, 117997.944748361, 139498.30091548, 59502.3217948666, 24507.6067377422, 37502.2089061132, 
39498.8518843893, 138007.028903171, 130995.267392769, 49989.0988683831, 42990.2230553906, 35000.3008318748, 35497.4255693816, 29499.0943860253, 32497.7847365979, 57504.7558806213, 49496.6486883927, 33007.2853096779, 94994.2014547586, 37998.7389307804, 36996.8542019287, 126997.609327991, 57001.6992454296, 91996.1470287992, 36500.6191587737, 51503.7499232087, 56494.6857379349, 126012.596013184, 55993.1233225921, 54504.288272691, 127496.748358307, 47505.3853150271, 122506.887270717, 57509.6641859962, 
39498.376565475, 32498.1295209648, 57002.638768089, 155001.454343215, 140500.175705171, 124489.970452222, 52495.9502729764, 40503.5802908307, 27993.361077656, 116004.87164624, 132497.117544995, 137002.74697449, 41003.3071103347, 117998.700515957, 29993.7720709015, 37003.5750494134, 141995.511488965, 144995.144781599, 156495.721979496, 145002.109968856, 147495.398030739, 149488.049661293, 155999.001810886, 155498.222442888, 147995.307090956, 105006.016012096, 149990.619678225, 147006.842483236);285;66,7447306791569;197;46,135831381733;85;19,9063231850117;44;10,3044496487119;19;4,44964871194379
"Erabliere";10;153,830961215549;157,872667387253;169,997785902367;217,812208509838;285,495307371676;c(113493.392903647, 135506.132741179, 169502.762221484, 196466.379402164, 197489.259590438, 214498.186519994, 218508.683995192, 245507.556980402, 265496.575383966, 266500.177345376, 130996.285183217, 93012.4227698455, 81001.470401179, 102491.010991291, 55997.0694233142, 112502.940916235, 134500.786880211, 127997.829644111, 155012.929186897, 160493.942125597);5;50;4;40;4;40;1;10;0;0
"Frenaie";26;179,887394981702;185,055783238279;200,560948008009;212,578510087688;259,452270822343;c(89496.3235615769, 93506.198039265, 104498.210773633, 113497.178923394, 135488.458764356, 135492.187044491, 137505.932570742, 146498.416925841, 148501.565379107, 152487.512759088, 152507.71585391, 162496.259890051, 165503.876652162, 166500.447064589, 171493.464991954, 178501.553716792, 182508.927297022, 183504.938469014, 190497.318263365, 190503.347345834, 193500.343077944, 199494.315668483, 220495.147777734, 226510.452466716, 236491.994147209, 239496.264884067, 152986.82188991, 152994.710541357, 
134500.623075359, 117991.199386997, 132995.167261107, 119996.720516778, 118012.158073899, 139496.629929711, 116497.728470162, 107492.991398841, 129507.969740016, 105498.54816327, 120999.576799677, 122502.267829948, 134999.552414314, 114499.720955877, 114494.668836395, 132003.36897334, 100499.375215546, 120500.646132085, 135993.629319429, 127001.513349568, 136507.940538267, 130496.18269056, 26503.5076223491, 31995.8123280611);17;65,3846153846154;17;65,3846153846154;14;53,8461538461538;13;50;1;3,84615384615385
"Hetraie";182;229,471441823323;234,885759617096;258,348593171027;274,026607552577;301,528562014775;c(79497.2479729404, 82509.6295533922, 91505.5875308568, 98511.3397563778, 100494.920077716, 104508.324281348, 105488.432562799, 115498.543995284, 115502.863994689, 117494.449487748, 121499.623391038, 125498.783209492, 133503.95164192, 135489.485030635, 135502.420874276, 136511.657669154, 137492.504953086, 138497.243291408, 140503.422794095, 141501.138844216, 141507.303717036, 146499.343267061, 151495.98416497, 153499.8890119, 154493.705043459, 154497.865102753, 155499.999708455, 160503.513518121, 
165492.277283041, 166500.55231675, 168495.000368877, 168502.4691353, 170490.043828793, 176500.664183488, 178503.022311949, 179499.434805105, 180517.4126597, 181490.554205102, 184493.512505933, 184504.916318563, 186494.146472088, 187495.998195673, 189502.244304514, 189505.09363025, 191496.144664313, 191503.032547672, 193503.736851412, 194501.13005201, 198486.638446786, 200484.692853992, 201487.071568733, 201490.211792617, 202500.152488289, 205497.503451966, 205498.291815359, 206499.999679416, 206502.486956726, 
206502.556502901, 207504.030390243, 207509.047154192, 207511.900040508, 208499.571989586, 209492.335525615, 209493.368908094, 209510.679274723, 210491.139083863, 210501.563545805, 210506.609812316, 213489.841221142, 213494.939873732, 213498.515638647, 214496.539596894, 215505.825891324, 215508.318927046, 216494.373873585, 216495.942853578, 218496.078041121, 219503.586090055, 219503.745579383, 220493.469930959, 220502.88450718, 221490.938031853, 221494.140163531, 221496.79064429, 221498.669999419, 
221499.999676805, 221502.471155191, 221504.077030874, 221505.128348104, 221507.338061328, 221510.556904468, 222494.886976508, 222496.557298358, 222496.594006486, 222499.447865903, 222500.267739197, 222506.09766692, 224498.498409406, 224499.444971602, 225497.164892703, 226491.844797592, 226493.456956019, 226496.857531876, 226509.487000153, 226509.721051108, 227505.647194929, 227510.358117485, 228494.75880557, 228498.609835954, 228503.10720439, 228510.063311792, 229497.713418573, 229501.272111522, 
229501.95229602, 229510.978153225, 230496.45621254, 230500.572531572, 230501.822073817, 230502.962078123, 230508.58035525, 230509.165015415, 231486.634627909, 231494.181317591, 231507.023549886, 231509.221220616, 233502.523980925, 234489.251207851, 234489.742769353, 234502.25683888, 234508.041870354, 235501.969982894, 237494.159064307, 237495.302999186, 237502.579478393, 237505.259456992, 237505.890041323, 238499.577235869, 238503.752565026, 239460.106216214, 240499.28803393, 240505.003583959, 240505.898809695, 
240510.504024632, 241491.219135327, 241497.388523772, 242488.171492754, 242494.105006006, 242499.701031991, 242502.432151035, 242505.781882876, 243494.794869814, 244505.849498574, 245493.957533486, 245498.100225164, 245500.523416807, 245500.534695506, 246493.606939534, 246502.883726247, 247496.000108617, 249489.313876087, 250490.546294428, 250495.991635476, 250502.076945281, 250502.398856434, 251488.449297749, 252499.667929803, 253506.236396022, 253506.239325123, 254496.970251216, 254497.351463715, 
258490.429048648, 258511.274148071, 266499.147567545, 269500.604345674, 269501.67712947, 270503.875050684, 272504.715217541, 272504.715649095, 280507.810207328, 281500.309405939, 282497.726402816, 289500.42135857, 132991.343389335, 149498.964564938, 146997.559903098, 155500.1498264, 149493.750598626, 131507.595447134, 134998.469430381, 153003.606196444, 160008.710614829, 144999.297456029, 147995.44811516, 127999.674245911, 78013.0622884417, 142992.523537266, 91996.2799915327, 144503.110650523, 146002.617523731, 
80503.124873288, 92507.4879755918, 117994.795796251, 153002.817709817, 89497.7367461659, 83002.7887436496, 96004.0998134511, 157508.789981254, 72497.0727985781, 158000.000285356, 142502.240480137, 160998.173799579, 115507.102885526, 152506.372727429, 106501.258636693, 87496.0421484727, 144508.664468056, 120496.152148812, 121994.194464838, 122492.548926162, 125989.205217648, 72497.9866007594, 77488.624033629, 72497.0001905384, 72001.6366789313, 133000.108203218, 120004.439406972, 132008.485400176, 
85027.7400242519, 114993.054074229, 77492.4869666183, 82498.7648524614, 99529.8913747137, 60002.2038243376, 62998.8303002855, 80498.1066072313, 80997.0806616424, 60006.7398070274, 54500.0003229659, 50509.9965823935, 59492.5481232684, 51999.9301051116, 47002.403735768, 89960.6383676482, 51509.0629084511, 53010.0066754352, 80996.2402288653, 48000.2650680086, 50502.8467368763, 57491.9290782381, 109497.332255322, 81002.7100408543, 64995.0818179809, 58006.9021484079, 55509.7994260937, 52008.6458610762, 
82001.1631311821, 41500.0769710448, 51494.257159886, 67495.8293075738, 73004.2460048264, 36991.92792797, 86486.8869519811, 51499.2001513336, 46000.8236491317, 48006.3848944614, 38001.0052283062, 75997.8494875906, 71000.0003198553, 85993.9286430338, 88008.12210669, 90999.8956737407, 84996.7209089613, 39999.2550260769, 92499.9104779717, 85501.6800388126, 89507.5509421546, 87497.2195826992, 39501.7657487346, 84500.7135285009, 36487.751778841, 46500.3475695383, 86005.2898184098, 85495.9700659383, 102510.100254205, 
84501.8386355741, 40495.0632719789, 115490.103123508, 51997.2560535436, 52998.778622862, 51494.7339246674, 54451.1904071243, 41495.9545685789, 46498.1257356992, 34996.4593310785, 51006.7042887174, 35998.8870234974, 92991.9246978629, 140496.392179045, 134491.592581605, 139507.318617002, 49511.6645030351, 47499.651980754, 94488.8764456911, 140000.718254184, 36997.9483305123, 52005.2709393222, 141999.958057532, 134998.041866565, 34500.6286981963, 25497.1217094529, 57507.2728864085, 49495.0631522825, 
106997.867671549, 50993.476008513, 100995.516630791, 38005.5281155631, 32994.6675749039, 99996.7677846067, 100501.094477082, 24502.4065961232, 34978.6538858684, 36489.3498780001, 111504.269828185, 56507.8763102517, 34477.8987896256, 35995.5173503142, 35002.7230267823, 35495.0265100198, 57489.1502933139, 37498.5311628152, 100496.173360214, 50498.1012476804, 52012.6350502893, 46487.6866962826, 40010.7315186989, 52989.2054713573, 50988.3200316336, 55008.0897776568, 55502.0559323225, 52488.2214631559, 
26998.0230401987, 36001.2547082696, 27496.9449083926, 49492.0063674031, 32498.1295968927, 45505.2880101493, 157000.668794698, 131501.950808739, 130011.215048943, 33012.0920842905, 120492.144388434, 134499.263627388, 44502.6707262155, 40498.7355725057, 144507.196559651, 143003.571464934, 154993.791996915, 140498.512431785, 116492.886867702, 131493.127995178, 111501.835886633, 110993.73219082, 119503.946473701, 124992.836335981);66;36,2637362637363;58;31,8681318681319;31;17,032967032967;18;9,89010989010989;9;4,94505494505495
