"typologie_mature_simplifiee";"n_avant";"q05_cdom";"q10_cdom";"q25_cdom";"q50_cdom";"q75_cdom";"geometry";"n_apres_q05";"pct_gardes_q05";"n_apres_q10";"pct_gardes_q10";"n_apres_q25";"pct_gardes_q25";"n_apres_q50";"pct_gardes_q50";"n_apres_q75";"pct_gardes_q75"
"Autres feuillus nobles";53;223,952664593356;226,573556864405;240,820035953875;262,281692032865;277,812600361802;c(103508.654832955, 113513.091558131, 116499.751583564, 120499.8821953, 139506.422705617, 142499.442151634, 144522.5613257, 145499.387685864, 145499.691788294, 151513.314912069, 153499.499400592, 155482.968116249, 156499.574345523, 157499.683908508, 168499.701985732, 176500.196367069, 178499.58236689, 179505.305087849, 183504.861416233, 184500.003585333, 189499.670413433, 190485.040971011, 190499.831443858, 196520.144380671, 198491.515412871, 198499.825978797, 199499.403282809, 202499.442020977, 
204489.306478887, 208499.173446253, 211499.294661491, 212502.327740281, 213499.339869709, 221507.839675856, 232483.796126407, 233499.067658524, 233499.144814792, 234499.102766949, 235440.122894811, 235483.320587742, 235499.946065283, 236501.510213203, 237505.900864723, 239475.270614565, 240485.837386119, 240486.073069836, 240497.070807048, 243511.446338672, 244493.598176098, 245499.077037624, 246500.002389778, 249499.075374689, 250499.123924406, 136001.219132513, 117472.211763583, 131500.371189491, 
147500.361542318, 118985.4935087, 87500.1111943033, 116991.275694962, 80000.0769188842, 119000.127998849, 95995.318136625, 93000.0327099236, 110988.215929091, 153499.502104936, 116000.031339647, 116499.945468199, 90469.6123661892, 99499.846383621, 102498.153097129, 126507.325185207, 152499.866744713, 108999.772191329, 127990.504562767, 129499.790601546, 95505.3259845143, 128017.207495755, 127499.726108056, 72999.6486172546, 77499.6316684457, 137992.057610774, 54010.5357961711, 56999.5350738587, 50461.7751480686, 
82497.1974773183, 121490.441852149, 23463.5037090126, 23999.3235697001, 33999.3361025276, 31499.3986627022, 26480.3387140669, 31506.4235033747, 136999.448717173, 139000.513091143, 107509.0436148, 57493.6979858289, 23513.4221853986, 31989.606912965, 24291.3261873825, 139978.029837537, 124473.782345871, 26999.3236149317, 142499.370586857, 26999.1884633591, 28499.1972510768);17;32,0754716981132;16;30,188679245283;12;22,6415094339623;5;9,43396226415094;4;7,54716981132075
"Autres peuplements feuillus";178;138,575309234274;141,238428866947;168,254130884485;221,870116243317;240,107204318992;c(76499.7219244273, 78499.7167184974, 85498.7629298099, 85499.8126800694, 103499.605252567, 104517.310931417, 110499.735830515, 111483.128967365, 112496.424593838, 112511.632231765, 113465.369319189, 113499.716342404, 114499.731739258, 118498.888687217, 120499.756880138, 123505.507096482, 131499.853480078, 132526.058102387, 133499.364049657, 135513.14111728, 136499.668338399, 137479.775308777, 137480.912354853, 138499.366737912, 138499.91804325, 139492.87169726, 139498.402227028, 139499.356383547, 
139499.676177808, 139499.691761987, 140499.665743805, 141483.589227063, 141499.663111518, 141499.929134075, 142499.426045387, 142499.598078017, 143499.361680644, 144492.875870574, 144499.733110647, 145499.340936595, 146465.530048379, 146499.408404868, 146499.431770589, 146499.689139865, 147499.530500676, 147499.952517013, 149499.377317198, 150499.444993644, 150500.013120454, 152499.346293324, 154499.637100033, 154499.676125878, 157499.356734273, 162487.966248076, 162499.390488515, 164499.385264155, 
164499.774925421, 164500.302475114, 167499.579884707, 167502.970748891, 168499.437172724, 169499.403768741, 172499.450103593, 172499.707142592, 176517.661498482, 179496.981065127, 180499.600466492, 182499.462993513, 182499.579703438, 183487.888754472, 184498.689592661, 185499.237947458, 185499.587427488, 186499.748374457, 187447.841428312, 187468.021109515, 187508.979963157, 188464.664155017, 188491.848846665, 188494.030138317, 189499.315078695, 190499.434455241, 190499.582307704, 190499.839258122, 
192499.771595459, 192501.505217363, 193499.294796709, 193499.83133629, 194487.4676058, 194495.650588711, 194499.007888266, 194499.447363078, 195487.850042422, 196494.811714564, 201499.429138872, 203497.695808103, 204479.462287663, 204496.550429651, 204499.769168523, 205499.465300419, 206491.920026097, 206499.253412905, 208491.524242866, 208513.488080749, 208518.900581977, 212484.714883193, 213504.065830645, 214489.591268652, 218500.292488442, 219496.38352055, 220502.599440278, 221499.736560121, 221499.959965715, 
222499.949547015, 223492.961723483, 223500.283071815, 224499.695127672, 225499.52940574, 226499.170665547, 227481.091019273, 228512.19538547, 228514.916922451, 229493.209560028, 229499.962062843, 230499.562618009, 231491.153461048, 233499.990351192, 234499.614352185, 234499.761964453, 234499.995516998, 235480.108408016, 235499.716600937, 236495.292367271, 236502.314819612, 237499.080479237, 237499.154249205, 238499.155020052, 238499.642640462, 238499.720327527, 238499.766569079, 239478.106446807, 
239499.175594473, 240486.025788684, 240491.927529111, 240493.692523002, 240506.338597219, 241499.650262636, 241499.751179495, 242499.70193694, 244490.522244874, 245499.973951798, 246499.986793546, 248472.586403148, 248516.971525743, 249500.111287989, 249528.492798894, 250477.619998231, 251512.014529481, 253484.634931239, 254499.988821487, 255499.729061546, 257499.221425429, 265500.130575063, 266500.138406053, 267488.568245694, 268501.570411136, 271527.909609942, 274500.129742972, 275491.08148211, 
275500.072483833, 275502.600933365, 277500.051546546, 278499.943446995, 278500.06441928, 284484.608623312, 284499.962805296, 287529.368376053, 288504.956141269, 134500.689259442, 133500.671651426, 147497.472810179, 147000.647497837, 115000.451643446, 135506.311633756, 130500.417732934, 131500.838631345, 132013.114983637, 120471.043887611, 116495.920629276, 132000.404069815, 131500.476729408, 131994.768811563, 131500.340103796, 130993.963570084, 142000.268252623, 113975.191172002, 79000.1692820415, 
132494.063235367, 117500.196690314, 146513.72412947, 76508.9216248076, 78500.1295892559, 146500.277799818, 113466.2928306, 103498.607468108, 77000.1204331061, 118000.174191935, 120000.176588625, 116500.164451035, 86518.0401311684, 116000.156008774, 150000.20005972, 86500.1678031618, 107500.137242736, 77000.0894321753, 77994.6697833892, 113000.0481144, 74000.0692980001, 82960.62419271, 82500.0726671973, 85500.0770982252, 118500.120260817, 98000.0855031842, 152000.155294563, 78000.0440768953, 91500.0809799153, 
156500.170988287, 73500.0143101681, 110500.046800257, 115500.053983862, 73999.9759122906, 157012.360252605, 77499.9413668774, 76499.9247663412, 126499.98972965, 80486.8925506901, 100999.933904477, 99948.041863245, 82499.9022028167, 81999.925583005, 83499.8724759398, 116499.914058899, 128493.7120702, 127993.891613273, 101499.832838005, 83499.7943285024, 98499.8139777733, 77985.0793069955, 82496.5473750466, 53999.7332930919, 98999.7907663621, 119499.809636525, 83486.781692002, 58490.7761474373, 114985.878480636, 
76988.3357776683, 62500.439733509, 133011.058880457, 61999.712000004, 78499.7252826029, 96499.7894769209, 130499.792077634, 121499.764417905, 64510.016720769, 59999.6783217164, 128999.766352037, 112988.713114361, 101970.748556335, 92993.4916316858, 79499.6953897923, 78992.4357517064, 78495.0473828912, 75999.6364919161, 78490.0495774448, 78983.4357204605, 78490.9617213449, 50480.4171859929, 79999.6110091629, 132994.979219315, 52499.5676720496, 132507.127317864, 52499.584009585, 58496.1317925248, 98485.4318595091, 
132494.248516534, 132012.101419517, 72000.1311873375, 137501.990739584, 138004.519915652, 107484.373484731, 140999.56301701, 139499.554024748, 98489.8861898631, 144989.67713705, 106499.496711517, 84999.4620491136, 38499.3954798393, 97512.5144729223, 138998.739187163, 80503.8829662446, 87507.702423851, 139999.50003984, 86499.4590926161, 127994.378852788, 142999.472592847, 94499.4044515053, 113499.428009866, 143499.464855154, 118000.688685128, 107499.412624695, 34496.2739898022, 107035.103162811, 24999.2933220994, 
36999.3956024926, 34499.2980008209, 97499.376820473, 107499.388868611, 111499.450772412, 118957.352170693, 36999.2928013504, 94503.672032577, 72506.4558654176, 113007.659231743, 142998.721650992, 97999.3539582249, 110999.370542703, 104499.354021695, 129502.848888696, 138999.373900184, 140499.368164713, 30466.2102504969, 40490.2633800181, 155999.363356484, 141537.018670564, 52009.7025110647, 75009.8453278607, 122508.540234502, 139499.30428224, 136466.19661826, 39999.1587556507, 155999.238934753, 156499.254561746, 
113485.392602292, 128501.505184753, 119962.9033891, 154499.166470101, 145987.423470186, 146999.150190231, 104014.509725574, 143999.130910843, 131499.1029135, 145499.124941719, 133499.140146339, 131499.061266035, 131478.250612578, 128979.325083832);56;31,4606741573034;53;29,7752808988764;35;19,6629213483146;11;6,17977528089888;9;5,0561797752809
"Chenaie";1306;183,85077424981;204,187100408367;238,172929901262;259,690142601946;278,138107850307;c(78499.724622868, 84489.535067306, 89498.7390976585, 96499.7251074822, 97492.4850373429, 98515.4842427764, 103522.533816902, 104501.969853122, 105499.733162758, 106499.743266259, 112503.816299346, 112507.59738998, 113499.649805197, 113499.657617327, 113502.908655986, 114499.623759878, 120513.691858248, 121508.387190209, 122499.869155947, 124486.98656032, 124499.730801806, 125499.689103052, 132499.584956003, 132512.873567014, 132519.778758972, 133499.549415935, 133499.605775003, 134499.470529558, 
134506.503042827, 134514.647168477, 134532.592077656, 135496.040896239, 135504.160987114, 136493.536707126, 136499.332940351, 136499.465433536, 136499.667057281, 136500.789059705, 137486.739478218, 137496.172691665, 137499.340049807, 137499.377110568, 137499.47526125, 137499.478398013, 137499.492802181, 137499.657926709, 138494.623269623, 138499.374545592, 138499.475838301, 138499.487853515, 138519.650408233, 138520.774442674, 139483.893298394, 139485.021013374, 139499.368053787, 139499.371952622, 
139499.481061857, 139499.496635971, 139503.239071335, 139508.493736814, 140485.21851548, 140486.368737095, 140496.175403031, 140499.431691667, 140499.486271814, 140499.595487379, 140499.63450321, 140502.322909336, 140517.901662488, 140530.535151915, 141469.651730388, 141489.513694568, 141499.429144334, 141499.475255227, 141499.491487736, 141499.499227748, 141499.507061419, 141500.394129222, 141504.559392224, 142482.711251032, 142485.687650445, 142489.403375236, 142496.813512109, 142499.372034159, 
142499.380169122, 142499.496655347, 142499.603389489, 142499.762105327, 143474.729263776, 143483.773406941, 143483.966438919, 143494.314756699, 143496.478010828, 143499.114843314, 143499.43956509, 143499.486319517, 143499.494114139, 143507.695451282, 143508.112436683, 143524.91047308, 144486.914438167, 144489.858752768, 144490.758204276, 144496.236311109, 144496.94421012, 144499.374634881, 144499.436961086, 144499.452547025, 144499.460339879, 144500.452607327, 144503.047409956, 144503.511585977, 
144524.976710438, 145487.585308431, 145495.199884731, 145498.525738857, 145499.35620133, 145499.356499188, 145499.372081767, 145499.379871956, 145499.426612773, 145499.434357278, 145499.449990431, 145499.457737295, 145499.465557926, 145499.512323364, 145499.644907963, 145499.660510984, 145499.663861298, 145499.668356456, 145502.704018341, 145505.850322371, 146483.016588561, 146486.182150322, 146494.097830918, 146499.226286519, 146499.369483122, 146499.440856258, 146499.447378829, 146499.45514951, 
146499.52533389, 146499.572091508, 146499.690527443, 147482.555721667, 147490.152513187, 147494.448878325, 147497.100939736, 147499.351360254, 147499.686590548, 147518.823081268, 148486.262152502, 148492.06170346, 148492.964809167, 148493.547447636, 148499.364363616, 148499.379918843, 148499.44220342, 148499.488937867, 148499.683946812, 148499.723052574, 148502.020039034, 148504.206605343, 148504.590671064, 148505.902674201, 148513.52251792, 149499.346262822, 149499.361806545, 149499.431864711, 149516.638291396, 
150491.072355673, 150496.322710241, 150499.35920318, 150499.374738518, 150499.452625316, 150499.468200231, 150499.499331966, 150499.546123829, 151473.770613168, 151474.441356383, 151495.737888566, 151499.426691538, 151499.457840564, 151499.465593252, 151499.47337473, 151499.488952869, 151499.668325603, 151500.638301846, 151509.353047987, 151518.713260434, 151568.842286066, 152415.323576495, 152480.890182904, 152484.743367377, 152486.995220887, 152489.547494839, 152493.567161082, 152494.866214262, 
152498.007363265, 152499.392926133, 152499.408525186, 152499.455260263, 152499.463034449, 152499.486392364, 152499.494141358, 152499.64229396, 152500.985486211, 153478.758219667, 153499.352469834, 153499.359252793, 153499.367031201, 153499.444838253, 153499.462066373, 153499.476009772, 153499.507355066, 153499.661035985, 153499.663146264, 153499.670922814, 153510.497974703, 153514.048880816, 154499.394164384, 154499.439452525, 154499.449812423, 154499.465623486, 154499.481196655, 154499.496748886, 
154499.504605736, 154499.512350009, 154499.551298434, 154516.465766475, 155462.765353612, 155478.896701441, 155483.982508418, 155491.968284763, 155499.385181139, 155499.431912085, 155499.478596573, 155499.49419586, 155499.509774942, 155499.689131396, 155500.32123986, 155506.812357697, 155513.280734404, 156487.861116995, 156495.377278041, 156495.940373325, 156496.748981692, 156499.390435722, 156499.429308895, 156499.491615855, 156499.507172312, 156499.68652302, 156500.022854144, 156509.227334576, 
157497.331074775, 157499.372243732, 157499.387828752, 157499.395604927, 157499.473408145, 157499.481202938, 157499.496389982, 157499.512338606, 157499.52014647, 157499.551330047, 157499.660526305, 157501.478478847, 157507.009056308, 158479.083467101, 158486.088887639, 158491.967022841, 158499.361890007, 158499.400775307, 158499.408563502, 158499.459936979, 158499.47085484, 158499.486447584, 158499.5019569, 158499.509759291, 158499.51759237, 158499.543533449, 158499.548739841, 158499.556511628, 158499.696932559, 
159491.243429928, 159494.02732343, 159494.426306157, 159498.991672069, 159499.514990866, 159499.702080105, 159525.615144467, 160483.703418993, 160498.694080638, 160499.473415207, 160499.621463908, 160505.72454003, 160508.10610117, 160524.436783764, 160538.976975908, 161489.229689097, 161491.719741554, 161499.393042721, 161499.400793818, 161499.408586608, 161499.41641814, 161499.486449852, 161499.517589325, 161499.587701143, 161499.603299339, 161499.704665883, 161500.527998372, 161509.768142669, 161553.517715912, 
162499.40605336, 162499.413828292, 162499.490810068, 162499.491603326, 162499.507221624, 162499.518070287, 162499.631861649, 162499.639660792, 162526.926324532, 163486.670151971, 163486.71944962, 163488.943120331, 163493.774794424, 163494.755510979, 163499.387889074, 163499.395661602, 163499.465672221, 163499.48126666, 163499.520197956, 163499.668257368, 163499.70723805, 163499.766609913, 163502.236038892, 163504.556831455, 163507.494680601, 163507.777754202, 163507.931927707, 163514.079322055, 163514.521183355, 
163516.612493417, 164473.972534412, 164483.439540404, 164488.470750364, 164499.424177982, 164499.431956076, 164499.517599022, 164499.634473141, 164499.657856506, 164499.681237155, 164499.696887824, 164499.704671474, 164507.251321304, 164517.394814392, 164521.130480255, 164525.57337258, 165474.992629297, 165489.131869238, 165495.944380503, 165499.374953695, 165499.40606258, 165499.413845222, 165499.431213874, 165499.437158622, 165499.491642516, 165499.522744236, 165499.694212983, 165499.744306709, 
165503.790554848, 165505.896305036, 165518.667937715, 166485.75722727, 166489.786790602, 166499.395644995, 166499.411255656, 166499.419024716, 166499.43454446, 166499.456395636, 166499.496841812, 166499.512373034, 166499.596838273, 166499.713418519, 166499.785285818, 166502.77112132, 166509.277174312, 167480.441509801, 167486.227145739, 167499.408617334, 167499.431948138, 167499.509780452, 167499.688659658, 167501.814030855, 167504.954984665, 167505.004225524, 167505.406462097, 167506.009467962, 
167506.140107728, 167512.212220225, 167513.434539585, 168478.874598246, 168482.205091298, 168482.983664935, 168495.949198003, 168498.327750749, 168499.390505062, 168499.406019136, 168499.42939009, 168499.452735092, 168499.507147767, 168499.514986046, 168499.639603998, 168500.215072205, 168506.932807592, 168510.303117019, 168522.438375392, 168523.357170551, 169491.591590195, 169499.358408662, 169499.442318455, 169499.450139613, 169499.461684103, 169499.533412146, 169499.566859074, 169499.582461926, 
169499.595471886, 169499.699394007, 169499.932437477, 169502.526284279, 169504.262761029, 170489.730789749, 170491.310854093, 170492.227901369, 170499.416390471, 170499.463067047, 170499.51752508, 170499.569922834, 171483.017107238, 171487.288001926, 171491.452895305, 171496.841350651, 171499.592793143, 171500.146210559, 171507.98540556, 171513.68420293, 171517.490836603, 172466.521787403, 172475.365403665, 172476.793623942, 172499.442327551, 172499.629145202, 172499.644768839, 172512.627654192, 
172517.301521789, 172520.472355517, 173499.509733625, 173499.525310493, 173499.57979585, 173499.626589654, 173499.774767456, 173503.103539245, 174499.530520557, 174499.662878982, 174499.795794818, 175499.527892675, 175499.574584725, 175499.582393645, 176486.248830155, 176496.448573789, 176499.533055042, 176499.540866081, 176499.595336431, 176506.912958233, 176548.349731177, 177499.584935616, 178496.993125807, 178499.535641356, 178499.543420669, 178499.784994795, 179457.668768285, 179499.540807486, 
179499.564197378, 179502.536272101, 179505.265120111, 179513.075775001, 179514.249917455, 179577.443634113, 180499.561579407, 180499.779739804, 180499.977147029, 180504.471957135, 180508.359008528, 180521.33031195, 181499.558994427, 181499.582319644, 181499.693944775, 181502.531158558, 181509.798885257, 181536.681765976, 182491.601235854, 182496.18726882, 182499.424140099, 182499.626406913, 182499.649792924, 182499.668673345, 182499.696533836, 182507.668158633, 183474.906438468, 183482.630446159, 
183485.091887456, 183488.29682378, 183491.187609207, 183497.094124395, 183499.452689951, 183499.569311572, 183499.725081924, 183500.988479103, 183502.088405518, 183503.190897467, 183507.852650023, 183520.161011471, 184398.326077757, 184485.156289913, 184486.110840836, 184491.530597781, 184499.128648476, 184499.566733614, 184502.859035689, 185499.478555647, 185499.548498434, 185499.634175435, 185499.652274079, 185512.230375846, 185519.677904136, 185519.708902734, 186498.8061729, 186499.266381506, 
186499.274132821, 186499.522608508, 186499.61598869, 186499.623728457, 186499.709459048, 186499.732823952, 186499.740635474, 186502.192788502, 186505.670408546, 186506.316496125, 187489.245580782, 187490.246863768, 187492.40355516, 187494.175363459, 187495.252499754, 187496.337339529, 187496.637144316, 187496.668690461, 187499.271505776, 187499.769182161, 187502.176728856, 187504.97596818, 187505.999432105, 187509.522506412, 187510.410716752, 187511.710828195, 187521.582336667, 188468.267400785, 
188491.787407195, 188493.508920611, 188499.626286648, 188499.735325684, 188500.325124265, 188504.887467618, 188505.943869209, 188509.358571562, 188518.44199011, 188524.599304971, 188524.86468836, 188572.42325928, 189474.069489376, 189489.592109563, 189495.202684595, 189495.827182798, 189499.22653617, 189499.24312991, 189499.274081483, 189499.437034471, 189499.483712989, 189499.530307624, 189499.545849464, 189499.748297639, 189499.763909654, 189499.802934202, 190474.166697417, 190498.165670702, 190499.083044892, 
190499.248239314, 190499.250411848, 190499.287059397, 190499.349099436, 190499.426697384, 190499.465509975, 190499.481107436, 190499.488823181, 190499.52773727, 190499.5433002, 190499.55955948, 190499.698940699, 190499.722290295, 190500.327862865, 190510.728879864, 191478.820295221, 191490.494988187, 191491.823909764, 191493.76503946, 191498.54914048, 191499.540650769, 191499.579547446, 191500.180538925, 191502.742101627, 191508.162898166, 191508.235506029, 191508.852371477, 192483.551218335, 192484.739138467, 
192486.755878213, 192495.054991538, 192495.89507045, 192496.119631113, 192497.852948232, 192502.185644535, 192505.299501324, 192505.593655598, 192506.883021148, 193479.035302032, 193483.180301007, 193484.532746732, 193499.263779807, 193499.277160928, 193499.449997616, 193499.535443566, 193499.566523989, 193499.597692476, 193499.628814802, 193499.768983264, 193499.792394035, 193499.803923249, 194487.436818075, 194492.288843884, 194498.072556808, 194499.253415372, 194499.255536621, 194499.284470542, 
194499.428375358, 194499.455158414, 194499.548347432, 194499.734603888, 194499.781928846, 194499.79753673, 194499.894312446, 194507.114098905, 195483.871446027, 195487.995103093, 195490.18182097, 195490.87570218, 195491.312907461, 195499.274115854, 195499.468046822, 195499.779279479, 195499.89085645, 195501.010478558, 195502.524575922, 195507.331538702, 195507.62214858, 195510.854529566, 196448.464152459, 196479.442460216, 196489.75838242, 196496.488154075, 196496.769351422, 196498.601844216, 196499.815622744, 
196504.585948382, 196506.228979511, 196506.432887046, 196507.467815441, 196512.283354558, 196515.905476277, 196524.942895331, 197485.268031895, 197488.352459906, 197494.053960051, 197499.284396861, 197499.299947243, 197499.424017675, 197499.441662641, 197499.455107825, 197499.517244385, 197499.610505147, 197499.61829233, 197499.798632446, 197502.347160792, 197522.031713247, 198498.078760065, 198499.250820282, 198499.258574758, 198499.435338265, 198499.444690519, 198499.452489368, 198499.46022967, 
198499.467260108, 198499.725632038, 198499.794819681, 198499.84157679, 199482.902374444, 199486.778347885, 199489.235926127, 199497.425552182, 199506.864802076, 199508.28017244, 199510.309132611, 199516.647271754, 199520.322391903, 200459.071275477, 200489.141162857, 200496.771509138, 200499.237957677, 200499.430358244, 200499.431769123, 200502.805073286, 200504.647163357, 200507.880074888, 200525.375382683, 201490.659746303, 201491.939756547, 201492.696920883, 201499.444653452, 201499.45243666, 
201499.460226906, 201499.48360244, 201499.515661579, 201499.561144203, 201499.615582682, 201501.068412985, 202499.232748136, 202499.248254851, 202499.372228878, 202499.395239393, 202499.558532933, 202499.566308964, 202499.571713783, 202499.597410703, 202499.620784991, 202499.846622419, 202499.877803904, 202537.901426013, 203473.99898519, 203483.830052881, 203489.207938391, 203492.598691383, 203498.576012558, 203499.245637077, 203499.477500623, 203499.47825622, 203499.594829312, 203499.606463623, 
203501.023153352, 203501.842404126, 203507.008956141, 203510.182646177, 203511.819012227, 203512.328583652, 203515.917699001, 203522.0757251, 204438.78969457, 204479.41428958, 204486.597612916, 204488.918137965, 204492.735341029, 204494.369199626, 204499.55333823, 204499.825745532, 204500.169893881, 204506.089899132, 204508.537631911, 204509.983863143, 204511.157541569, 204530.092426426, 205463.802091434, 205477.879982931, 205487.192286107, 205496.635806168, 205499.082578698, 205499.201809676, 205499.240449151, 
205499.426495472, 205499.434277144, 205499.480931616, 205499.574044239, 205499.581763727, 205499.612900978, 205522.566563108, 205545.458515697, 206493.236013558, 206495.031236289, 206499.200967441, 206499.214710758, 206499.292096498, 206499.388628555, 206499.462717358, 206499.470406906, 206499.485975356, 206499.641387414, 206499.656915801, 206499.921616993, 206500.876909261, 207489.958841267, 207494.767030319, 207498.200787882, 207499.48334036, 207499.599907585, 207501.88943254, 207501.971544685, 
207512.33944439, 207515.906239265, 208461.51148984, 208469.142414162, 208485.527462594, 208485.533347181, 208492.641644805, 208493.444906038, 208494.900738256, 208499.209486456, 208499.480722578, 208499.540481435, 208501.760674363, 208503.108867472, 208505.364387956, 208511.039117306, 208511.555484207, 208522.09071262, 208528.433473446, 208529.162058614, 208544.184288964, 209499.230114789, 209499.268855439, 209499.276563656, 209499.315280339, 209499.610140055, 209499.672368532, 209505.873137589, 
210480.137206448, 210482.859831328, 210487.764837876, 210497.464491829, 210499.219833088, 210499.227523306, 210499.475539452, 210499.503064327, 210499.545399023, 210499.615336619, 210499.654226601, 210499.786529792, 211423.226299276, 211468.265245268, 211468.951951947, 211482.70473242, 211485.004025588, 211495.176300042, 211509.006024366, 211511.140301907, 211547.244210158, 212490.709369749, 212490.815810317, 212492.245913169, 212497.25077895, 212499.641143809, 212505.590094905, 212541.384560048, 
213494.258641696, 213496.276092836, 213496.418276351, 213499.235272286, 213499.475459111, 213499.70852919, 213508.497998784, 214475.011820122, 214499.240446535, 214499.248110386, 214499.263609439, 214499.480569242, 214499.496094754, 214499.802563649, 214499.843596233, 214499.853814389, 214499.892832473, 214504.602870431, 215484.954188387, 215491.844273746, 215497.233026346, 215497.947196503, 215499.222338881, 215501.162932448, 215501.821608557, 215502.914653238, 215506.927233899, 216469.422279913, 
216474.232215132, 216481.171456442, 216488.375243085, 216495.948565284, 216530.522834887, 217475.573123674, 217483.947664942, 217495.661776089, 217499.178509665, 217499.217144768, 217499.387477611, 217499.947246151, 218499.193864871, 218499.35386461, 218499.508964155, 218499.516680423, 218499.57882658, 218499.594340997, 218499.625397643, 218499.89778093, 218499.913357426, 219458.158465001, 219478.663223561, 219492.414113575, 219498.052313605, 219499.537374705, 219501.289678125, 219503.516261183, 
220405.924077035, 220476.156989694, 220497.699053709, 220504.608226014, 220517.700634115, 220524.823119329, 220528.631743561, 221499.144982226, 221499.609718478, 221499.921657734, 221501.48339364, 221507.056222829, 221527.263809621, 222472.789244581, 222483.433160166, 222483.638573883, 222493.301784217, 222499.23517535, 222499.242837792, 222499.250641641, 222499.258337376, 222499.413207192, 222499.679862305, 222499.700401883, 222499.769086399, 222505.431029042, 223488.023148871, 223488.10861406, 
223489.884516037, 223499.15526283, 223499.271224348, 223499.581169258, 223499.697728999, 223499.892318625, 223501.867443983, 223510.235584829, 223512.28746132, 223524.067894194, 223536.279458993, 224480.353951251, 224485.716261975, 224492.156197418, 224501.191881834, 224520.30107283, 225467.437571833, 225476.201828273, 225490.526062019, 225490.750679104, 225499.289257917, 225499.296996634, 225499.426989524, 225499.599218503, 225499.663926878, 225499.684674883, 225499.708026831, 225499.741581117, 
225499.957137211, 225512.540991675, 225518.926614594, 226489.183226474, 226497.858203954, 226499.178400455, 226499.371742447, 226499.48025582, 226499.519038771, 226499.543415908, 226499.57330527, 226499.728609278, 226499.744234626, 226499.752026127, 226508.13052655, 227460.984335687, 227479.990266908, 227485.090790071, 227485.775602197, 227491.050575475, 227491.308255793, 227494.484969592, 227497.836210435, 227499.741611585, 227503.56409167, 227507.374487115, 227566.665508823, 228472.59203983, 228489.75533576, 
228490.98213377, 228492.773534218, 228494.490039662, 228498.7080548, 228499.157772349, 228500.342959952, 228507.195583404, 228523.065160469, 228537.46164091, 229479.524543095, 229492.595810216, 229499.108880794, 229499.139731974, 229499.247929678, 229499.255639103, 229499.465858234, 229499.526634303, 229499.728516485, 230495.307339455, 230499.144901833, 230499.565813825, 230499.640452657, 230499.718083474, 230499.718565815, 230499.889269482, 230499.951615012, 231482.969443199, 231488.822464844, 231524.568228236, 
231606.272410947, 232448.858921738, 232477.056022667, 232478.23426371, 232499.162853094, 232499.860601267, 232499.876179289, 232503.378756864, 232536.548769872, 233319.261505044, 233495.377079974, 233499.174033753, 233499.79572262, 233517.284025494, 234475.0578653, 234475.804420331, 234499.065094266, 234499.072795313, 234499.142255393, 234499.173093151, 234499.180878054, 234499.188548814, 234499.343199636, 234499.729090475, 234499.964330718, 234519.517510092, 235468.300592044, 235479.498973156, 235484.332442822, 
235484.35372227, 235485.126415095, 235487.432429423, 235490.504795818, 235497.712544856, 235502.809149061, 235515.519217111, 236460.192189403, 236464.006385432, 236475.129318603, 236483.086844182, 236483.212800529, 236489.55559708, 236497.612006373, 236497.768435858, 236499.710070249, 236500.160562866, 236500.917940258, 236514.559016006, 236516.448330897, 236529.015968511, 236532.648417808, 237473.21832839, 237499.157637388, 237499.219424041, 237499.265760321, 237499.273460004, 237499.653018137, 
237499.901832756, 237502.912414448, 237503.100870077, 238475.315016975, 238487.15971257, 238489.403119044, 238499.116430719, 238499.139619932, 238499.162752522, 238499.263131828, 238499.270852153, 238499.332690673, 238499.346904127, 238499.680769569, 238510.38175429, 238511.79045133, 239471.785611699, 239472.246665457, 239473.912096111, 239489.562742424, 239492.791164709, 239499.639966241, 239503.665376888, 239505.434327368, 240457.635920532, 240473.921160757, 240484.674278062, 240488.968530161, 
240492.940147369, 240499.932678474, 240500.018479779, 240500.162138865, 240501.894059384, 240510.126030308, 240533.392725146, 241499.185822793, 241499.263083517, 241499.580422107, 241499.626947226, 241505.025384879, 242475.850039362, 242486.107400379, 242499.312460373, 243470.884217846, 243472.090565303, 243479.867657898, 243488.843778222, 243492.859404328, 243498.254383884, 243499.180635502, 243499.335125931, 243499.60618513, 243499.878051256, 243500.63286346, 243506.286923447, 243507.337142331, 
243509.440368009, 243512.145747241, 243518.788632687, 244474.448895195, 244477.745807915, 244484.113028011, 244484.514188568, 244486.11920736, 244499.17805376, 244499.266854767, 244499.293927417, 244499.301634048, 244499.332494446, 244508.823253997, 244515.29935627, 244523.401027894, 244526.839679324, 244530.77119042, 244544.890745172, 245444.828844928, 245479.764826056, 245481.091997576, 245486.951409519, 245488.413032819, 245499.232402149, 245499.314448458, 245499.329909476, 245499.585401095, 245499.872722244, 
245507.140168237, 245535.039313239, 246475.657590307, 246484.409882221, 246499.075518589, 246499.149699586, 246499.196022399, 246499.20371262, 246499.265490672, 246499.319590414, 246499.342782063, 246499.691628867, 246499.846720605, 246499.885642529, 246505.512189097, 246521.447615019, 247476.68393954, 247479.795228706, 247481.892303057, 247483.284797909, 247499.34017049, 247526.979517687, 248448.986454738, 248474.31737462, 248496.256995753, 248508.273457366, 248510.999202978, 248513.256233262, 248524.447844872, 
249483.494751548, 249485.770671204, 249489.899759423, 249499.216023892, 249500.103501853, 250495.98700519, 250499.216441245, 250499.309119443, 250499.867185326, 250499.991731031, 251466.640410677, 251490.925715163, 251501.272405325, 251503.544176928, 251509.872152081, 252479.028921248, 252499.93577834, 252507.124456069, 252510.266213239, 252526.750888877, 253499.123886776, 253499.170126642, 253499.80480765, 253513.099513226, 253516.605199616, 254499.825480812, 255491.188340904, 255494.07205677, 255498.212358318, 
255499.970531575, 255501.703102045, 256489.705053148, 256489.779359074, 257499.144307131, 257499.229110034, 257499.825220508, 258499.27350529, 258500.751388694, 259490.680890496, 259499.200763575, 259500.014342052, 259511.124676582, 259516.59279534, 260481.575487734, 260495.341837764, 260501.11399568, 260516.244707211, 261499.998212713, 262500.029642511, 262505.543680126, 263520.357759474, 264526.755293913, 264528.720144807, 265495.167934512, 265500.008198337, 265500.044922919, 266500.034429401, 
267485.556486007, 267498.2166744, 267504.164670797, 267504.281756236, 268473.362809854, 268500.138141668, 268515.335178248, 269500.041990557, 269500.049749458, 270500.070407674, 270500.085956603, 270505.862388717, 272498.676778783, 272500.080603829, 273500.140214494, 274500.137482673, 275478.670520443, 275489.448268989, 275499.39679632, 276486.101378259, 276492.289724356, 276501.280571586, 276509.295946749, 277499.748701817, 277500.082727701, 277500.09826304, 278459.374014723, 278499.699557398, 278499.738255651, 
278500.093610096, 279500.077304467, 283529.737410004, 134500.673031156, 147997.646182174, 141485.800381625, 131500.527889745, 131500.991022178, 147980.380732128, 130994.782562734, 133506.855072064, 131000.457307043, 131500.539246157, 118496.270652492, 132985.896156169, 119000.378620161, 120000.379834797, 131497.823864034, 115500.366194742, 132003.925198518, 132501.125665083, 145500.343128548, 128011.645988752, 127500.303668047, 127000.308830944, 107500.215488935, 133492.00158549, 113495.810729365, 
107000.205187725, 110000.210410743, 92500.1795257181, 93011.7527311342, 91978.3111052401, 107999.71423809, 77485.510454068, 92502.1889816457, 77021.3023564294, 74500.1402515229, 91500.1630540239, 118493.206022524, 91990.480262123, 97499.3015212789, 92511.9334275015, 77000.1681345245, 80000.1393289622, 92000.1671754392, 93000.1563263936, 97000.1914178915, 116000.186734347, 71983.7124050474, 79500.1315602437, 92500.1480878014, 91500.1718485327, 97005.7911573807, 91989.6385820871, 86539.6223589182, 
117516.964064767, 78500.1223660698, 79000.123127955, 93000.1414076341, 95000.1443572678, 95996.4822552577, 77523.6186886989, 85491.0960608544, 113514.807564863, 93006.1534898123, 86500.1249496415, 93500.1338548213, 107500.152458531, 112500.158767986, 113000.453892484, 75499.0732181957, 94002.0244941479, 87514.4356791461, 117508.812145872, 86000.1167431436, 92000.1873650672, 94000.1265978599, 95000.1288310885, 96000.1294829352, 112476.65346467, 107501.815439805, 117997.171296399, 87010.1636274513, 
107001.919154721, 88003.8518027831, 78500.0992585523, 76500.086397117, 94500.119693093, 106500.152176636, 128500.164123467, 87508.4981557755, 86004.3625905542, 86515.6733828196, 76523.5900316508, 76001.7114232322, 93499.9517082758, 87000.1021287171, 93000.1103929849, 94000.1114853304, 77508.598198168, 88487.1456669522, 90958.7069776859, 105479.096248087, 90458.8831465133, 87995.3100408418, 89010.2526241066, 85519.0544941658, 78500.0832132054, 86500.0936468802, 88500.0968015604, 89500.0974263484, 
79023.7323372485, 118007.380952807, 113488.229898613, 77001.3818950243, 77496.1138445437, 76488.2819773098, 92498.7407791195, 77000.1439271197, 76000.072156772, 78000.0746324956, 79000.0756482184, 85000.0834956942, 86000.0856927997, 88000.0880482309, 89000.0893674623, 92000.1075423956, 96000.0983169358, 113000.120355578, 115000.12350968, 116496.83532449, 116000.124544674, 91514.1524392273, 87500.1811958225, 88026.2248985078, 91997.7031276822, 97996.5349363722, 86989.8000862841, 77500.0661924435, 
91500.1745234504, 87500.0798496325, 88500.0807924317, 97500.0928933863, 103500.100024931, 116500.202767282, 77525.5128654605, 115984.654961474, 118488.881194805, 97484.3279113937, 75000.0551130399, 118000.110973989, 85971.841444551, 117941.817658921, 85450.4976119511, 88998.0851504877, 100471.095667812, 76500.0495106904, 78500.0515918843, 86500.0626678765, 92500.0708408868, 117500.103418924, 122500.109642117, 123512.226453044, 116969.44141781, 102489.882217857, 119006.171921872, 123998.857752844, 
74000.0389665319, 76000.0411572596, 85000.0528227882, 91503.6298932498, 92986.8563155569, 77987.2259651376, 75500.0327209402, 77500.0354493689, 87500.0482846489, 89500.05138034, 93500.0560936183, 99500.0634944197, 115984.523138406, 104989.758962644, 96502.5110653294, 84000.0359240752, 88000.0411118027, 89000.0421404345, 90000.0436664168, 92000.0460829511, 115000.076489375, 75970.8832314406, 90994.3081600331, 91499.8390243798, 87464.1973755611, 92990.4037525384, 115487.0453675, 88001.4483517297, 91974.5977232195, 
128991.549065013, 90491.1621734165, 76993.994762918, 88985.2588906419, 79500.0222665006, 81500.0249426821, 87500.0324202972, 88500.0343969427, 91500.0377739854, 92500.0396126071, 111500.063848746, 99005.6350471713, 76488.9190113489, 77000.0194756705, 75000.008714023, 76000.0101182153, 86000.0226104679, 86500.0182620222, 90000.0287958598, 92000.0927702151, 117000.132682922, 114000.059811448, 115000.060723729, 91494.0156458514, 117504.347222392, 76500.0370672392, 86500.0013724649, 91500.1096056588, 
88500.0187344151, 90500.0213444037, 92500.0238651577, 93500.0254309094, 94500.0264909621, 99500.0328435572, 91998.0891665341, 92508.742552774, 93011.1737584602, 91491.4787316574, 115991.546246137, 77999.9972254429, 84000.0045143608, 90000.013111501, 92000.0154432654, 94000.0178316338, 117000.048028591, 93506.0472276974, 87503.1154097943, 116499.332414158, 93018.3267309386, 79001.8274118779, 94001.1431706166, 75495.5156626357, 78499.9902354153, 83499.9965940956, 91500.0073879547, 93500.0096217152, 
116500.039009953, 159500.095025151, 90475.1381445797, 92517.4737501647, 75999.9790374609, 77999.9817803958, 78999.9823738243, 88999.9963286817, 89999.996612641, 92000.0465976382, 94000.002097467, 95000.0041212356, 99000.0088814246, 113000.027286315, 76487.9873736016, 91493.0825841632, 117013.38695436, 87005.8760984791, 77991.714007074, 74499.9686370557, 79499.9759211391, 80499.9771932187, 91500.0379515942, 88499.9876664868, 90499.9899278115, 92499.9921007184, 93499.9934929013, 94499.9954920383, 93001.7207032721, 
98500.000032708, 99500.0020938693, 117500.024644216, 75997.6673629396, 77484.4419986196, 74981.727021236, 79950.7967499122, 93999.987226313, 118000.018108278, 90973.125170921, 88994.7570851548, 126987.196906533, 88499.9722588416, 107499.996345293, 79010.0498963119, 77989.9921787446, 80447.9184096167, 107025.710555003, 92446.7906937012, 91531.5040857531, 77999.9500301508, 78999.9519821107, 79999.9530773619, 80999.9544523871, 89999.9656159775, 93999.970992025, 102999.983314174, 104999.985378354, 118000.002196888, 
76496.9402140705, 106480.495472275, 107499.225178048, 79499.9450203627, 80499.9455680959, 86499.9681396326, 90499.9588656146, 92499.9618231952, 96500.0004628217, 108499.982322265, 109499.983393495, 142998.506521742, 82505.4375125878, 76486.3813587837, 95981.3304503243, 81487.0592489885, 118479.867679441, 76999.9333350547, 77999.9348342279, 86999.9460786525, 88999.9485754361, 93999.9556175545, 112999.980434055, 117999.986105047, 78486.3885865761, 89960.3822355205, 93475.8507236512, 93025.1632051701, 
91486.884431093, 117502.965958812, 113498.369697098, 80991.4837721912, 86513.9237901531, 78032.7041788502, 95455.6287650755, 82011.007081327, 81499.9310956066, 82499.9332136828, 93499.9476241078, 108499.966381056, 111499.969953927, 114499.974037061, 116499.976379042, 117499.978176356, 117020.772392877, 79477.2187986206, 107973.724746994, 93978.7483806061, 81514.6070058048, 91489.6443388471, 116488.126617312, 74999.9156894041, 78999.920997384, 79999.9217914296, 81999.9631790956, 82999.9259514101, 
89999.9346810747, 93999.9399883971, 115999.968489313, 127000.016489427, 112465.741369233, 151474.72251349, 111499.978202388, 91991.6231146762, 151984.190467808, 77499.9104721108, 79499.9138045684, 80499.9141924595, 82499.9169819634, 81499.8993930407, 90499.9281445406, 92499.9307940183, 101500.01171353, 116499.962279625, 127499.974851015, 121991.872968559, 96982.6107244221, 116485.216884527, 127476.314004962, 78999.9052771069, 81999.9087080061, 91999.9218447981, 107504.032317858, 118490.439285459, 
92506.3218861418, 75992.5861229887, 90986.1710909782, 79990.5447402811, 77517.8498731097, 81497.1405377006, 82471.7195564015, 102008.760839009, 117007.525297428, 93026.3009872818, 94469.8651321772, 81986.4408789081, 76499.8941349965, 78499.8961531548, 81499.8999611344, 84499.9043971952, 91499.9139471957, 92499.9151311321, 108499.93545111, 77992.4917649748, 83994.3509281911, 80504.1537340237, 75484.1694999458, 92007.3705964256, 101480.947658084, 76999.914590436, 82999.8943001563, 83999.8955138568, 
77518.3461592998, 91999.9754374148, 98999.9147940045, 100999.918103068, 101999.971003486, 115999.937035183, 116488.40971619, 91497.9028688064, 92482.0555277793, 152990.220375347, 92986.6442328356, 76986.5242207283, 79499.8822549796, 85499.8896668497, 92499.89899462, 96499.9354748623, 93001.6978856632, 92495.1814751746, 83492.5119431419, 77509.2612217991, 101999.903985966, 95963.3356792312, 93488.4232677724, 115980.690253096, 84998.6426628307, 82985.4596262667, 106990.412528212, 93942.3663554611, 
82499.8703162763, 106499.902153453, 108499.903919324, 125493.914582899, 84501.3777766135, 99493.8645919058, 90999.8736754702, 92999.8768526688, 99999.8858044809, 105999.893202399, 124999.917540141, 82505.5522212619, 93499.8694257885, 110499.891516539, 126499.986114661, 92999.8603901826, 98999.8687988091, 99999.8704349324, 144011.397667274, 100468.857246752, 93499.8536633402, 94499.8546627881, 101499.864086038, 99448.6029898012, 99001.1129077217, 99999.8545296956, 92995.6371038398, 93499.838667131, 
94499.8393982798, 125499.879202116, 99007.4986081747, 93999.8310069004, 96999.8347533485, 121497.270425416, 95987.7725337595, 99953.7040467476, 122490.083452739, 100978.266702459, 96499.8259511106, 124499.861827512, 109449.797387265, 73486.7202223195, 99467.4907576311, 74536.4801189713, 95999.8179206708, 98999.8222682774, 111999.850668788, 96498.8094013045, 107498.397395723, 97480.7257424463, 117011.504308785, 77992.7149747992, 78499.7880064761, 104499.821143329, 107499.825137419, 106499.867913828, 
113499.832784735, 106995.894694968, 77508.4927869523, 116502.474900136, 117997.782904841, 96013.0185338594, 82473.6353393989, 105965.846985559, 81999.7848866126, 96999.8034573011, 116999.829304235, 123005.459518719, 80006.9777252814, 115965.244047192, 96478.6392103285, 97479.2302685026, 81970.2271084879, 117497.452540991, 95505.9839918008, 76988.6571080657, 119461.462220456, 96499.7958166543, 85523.4568527443, 84999.7731868802, 93999.7845961172, 104999.798802548, 111999.866491103, 61517.6247560671, 
76512.5819383729, 111463.864880552, 58001.3213836709, 57499.7290140446, 58499.7310957341, 90499.7721428154, 102499.787516634, 103499.788523116, 114499.802471513, 117499.806764347, 118499.807590137, 63001.2130871592, 87005.5316618886, 77993.7214687122, 82500.4667811971, 62531.7869095439, 112498.387094479, 59999.5652794121, 63986.3689842327, 120956.98301534, 91500.3487052945, 78016.966664236, 57999.7228268096, 121999.804168704, 53504.7056921897, 85017.8170635588, 81527.4370881254, 86511.4427290102, 
84015.5643949332, 58988.9463793319, 54964.6197331212, 53999.7657282492, 83018.2945082365, 84015.4824274983, 103499.772813961, 117499.790692267, 84487.3689320209, 60515.4196145358, 79493.4151826603, 53513.5427972786, 79014.7732032454, 57506.3554318249, 85505.5230005756, 82051.6252295338, 62506.0651367689, 81508.2219510982, 121501.605022165, 97519.3153273985, 56999.7105498416, 53999.7015846753, 57999.7070554253, 78999.7335348455, 84999.7421705769, 90999.7498920029, 92999.7521799235, 118999.784647633, 
120999.787155156, 125999.793503224, 77989.0851826435, 57998.5906101577, 56986.5159863988, 54499.6950742388, 56499.7747674817, 59499.7006346267, 67499.7110138228, 77499.7245344594, 82499.731017272, 84499.7336449809, 85499.7344268644, 90499.740669569, 92499.7430017702, 91499.7456297399, 112499.769050919, 115499.773011975, 67988.8293741886, 91993.5834863549, 86508.7251843242, 109004.330220773, 113496.576076562, 112488.266931999, 98000.4653942743, 91999.7351817135, 96999.7412969451, 98493.8998132087, 
81495.6500594765, 96509.2649845323, 54982.6716325684, 88505.8810295863, 137523.806208652, 100461.828395326, 77496.8012150833, 79507.0214550225, 57002.0426191511, 133502.604977712, 98988.0051098866, 121989.835402357, 80492.7154440153, 119467.523319002, 82004.9051906299, 121501.140404693, 56502.2279923689, 97503.0663817851, 55999.6738856873, 56999.6706923246, 79999.7043288667, 90999.7178307148, 94999.7239166424, 98999.7281901557, 102999.73331807, 120999.756737311, 123999.760743137, 121999.752159161, 
126979.298423329, 57974.005768613, 81969.4894488193, 54499.6633122442, 56499.7015645346, 58499.6688430915, 81499.7733789152, 80499.6971169179, 92499.7125734482, 121499.756172051, 122499.750591269, 124499.752763045, 136499.756526803, 56989.9606394581, 107486.046972123, 92990.6510613039, 89001.022836213, 124988.52767477, 121503.879700845, 56999.6589279054, 81999.6908811489, 121999.741842925, 127514.201513973, 58016.7705777846, 74998.1528710863, 80006.4716680925, 93510.2707199417, 86005.7444640249, 
84539.0507503971, 122979.795569618, 57997.0401315643, 122005.973593893, 55473.6029951498, 82998.9377045836, 126499.740101922, 83983.8308796547, 97505.2653523143, 56991.6571649965, 98006.7102558482, 81984.2958792849, 57514.8591516381, 91994.5605935529, 81549.9806767851, 87497.4400113467, 102496.797342215, 57999.6445593042, 59999.6474213824, 75999.6685121823, 81999.7042354262, 79999.6728705429, 87999.6836628206, 99999.6982983556, 100999.700358278, 121999.788943089, 57482.503572003, 82501.0033078212, 
82985.56181945, 53499.6312765023, 54499.6324510453, 76499.6706252852, 78499.6636478091, 79499.6650042944, 80499.6655252371, 81499.7442032583, 81997.1737181172, 123499.72083793, 129499.727863259, 124985.903070416, 87991.8819757216, 102503.177014006, 88997.9632830778, 123516.25983023, 79984.6189141776, 82503.9235058436, 80986.0039643897, 90989.2309630765, 112456.184010406, 76996.9289789479, 100499.041278163, 51499.6131482562, 77989.4361839741, 76499.6451864392, 78992.3337758025, 70517.387070721, 59560.3228472499, 
92523.3721999964, 82446.5550919445, 91498.7635453874, 102502.936022202, 77999.6399514508, 78999.6409204416, 79999.6421559956, 86999.7078305166, 91999.7173701869, 92999.659015785, 99999.6678542579, 92487.5986452801, 50499.5960637294, 52499.5988829751, 68499.6194445239, 71499.617339869, 92499.6507476168, 93499.6520130774, 91499.6324868212, 97499.6568314424, 100499.660648102, 129499.696954994, 133499.701934943, 93007.1054735035, 51520.6478890078, 76490.3975094361, 133969.526723719, 54985.6155644385, 
77490.6357052196, 51999.5910866233, 133496.646891676, 81999.6296500573, 96999.6483722162, 98499.6500429548, 81498.2525751153, 54005.3052139645, 98011.0584284831, 93033.513755192, 91518.2028203905, 78018.9052959327, 80993.7408777429, 130994.915932396, 81924.8997346098, 133991.923180294, 98459.6381631065, 99490.2425376009, 48505.2942870995, 80493.2376209665, 91499.6335907103, 126499.677153924, 76997.7016607029, 74502.1495654862, 130500.797058029, 75501.1685650637, 91999.3411878757, 102513.336738233, 
131523.484841573, 132523.887031295, 102494.251849961, 82484.5553292828, 46499.7659028322, 45999.5677679908, 50999.5742585519, 74999.6050323164, 75999.6062330008, 81999.6094955327, 93999.6291756509, 94999.6304534469, 98999.6357026463, 52531.6251580482, 81486.4163357858, 52015.222518988, 48006.7271102779, 46499.558041431, 47499.5614059325, 57499.5746551892, 71499.6317228246, 79499.6021703128, 80499.6041969797, 82499.6069675339, 102499.632171832, 104499.634490476, 141499.76013759, 47043.9523364473, 
76486.4731861232, 47486.5757100387, 59011.1708423588, 81999.5983941257, 96999.617242164, 50979.0523817688, 55989.0043982929, 53006.6166235954, 96503.7975045545, 52971.0905256122, 48519.0448903777, 105493.172798435, 142502.075161668, 80501.3650385346, 76988.5093915137, 77983.7310160622, 46499.5445514377, 81499.5901339985, 98005.218509566, 107506.71182782, 101998.80663068, 96999.1667280048, 54485.1881694589, 77486.3670124486, 59031.8669957407, 97497.1958420118, 99040.5835856833, 107016.521876682, 48999.5407577176, 
53999.5466579096, 54999.5485185273, 59999.5547692636, 97999.6032258887, 105999.613397192, 82513.2633878058, 117990.540347909, 102997.258078764, 116989.604990459, 51990.4250216149, 47499.5309876529, 48499.5319936452, 80499.5732143736, 81499.5740367044, 89499.5847751182, 98499.5955300331, 103499.601454664, 120499.622879394, 48624.576375938, 82989.9960240284, 82472.5419244254, 49037.1613038341, 103494.460058247, 54007.9243000718, 106007.223535159, 56491.1900205901, 81550.4259616639, 47990.5598384608, 
49473.9877351848, 102003.238102904, 48966.6101211505, 101499.583966578, 131991.394829302, 133499.232950735, 81507.7033299971, 121501.378997973, 111459.9509215, 48999.5091466289, 79999.5493663698, 109999.586500836, 122481.982175741, 77007.2660176568, 49499.50190931, 50499.5041056396, 52499.5061646504, 80499.5419200556, 82499.5444436902, 126499.623013848, 131499.631721538, 128499.602441796, 133499.608473797, 52001.8080590088, 52481.6983226463, 82992.0193584431, 51485.6250120457, 128995.476763174, 46999.4913716661, 
83496.697759673, 79956.0867184801, 55010.9638399947, 50994.4171261191, 107484.056781744, 113486.506066799, 41977.4290393637, 50508.0884395735, 83476.9089670405, 90496.6541305091, 76483.8560691774, 47477.3693786347, 141496.902834028, 40999.468673951, 45999.4741830165, 67999.5032772683, 139999.593620158, 46499.4925401472, 63499.4892666088, 83499.5144025767, 84499.5154150473, 92499.5258135572, 94499.5286732726, 98499.5335075194, 133499.576792156, 135499.579707667, 87513.2070414219, 37991.3737391448, 
87973.9524822338, 111485.635634194, 86999.5118130902, 86486.8353842916, 88519.4911411116, 106997.714727301, 48979.8352788156, 87501.7702607214, 39013.4764636764, 63493.304757419, 88971.6816475438, 39464.9717245577, 35999.4306573756, 95999.5072044618, 136999.554475543, 62501.2698819842, 52499.4896574244, 91505.51229198, 107010.168063802, 47013.4037461122, 93023.6513143256, 91987.0475598313, 47499.4374930272, 48499.4397879262, 49499.4405130334, 50499.4419138161, 70499.4668762218, 106499.504668478, 
107499.513639983, 116499.606012411, 108004.314007316, 85986.8848961908, 107478.811959027, 36510.5747569632, 36999.4169533933, 51999.4355457248, 91999.4870448802, 106999.504800039, 131999.53650369, 100981.531886324, 46003.8050550865, 92484.0669020265, 36004.1296388432, 39967.1644054893, 107032.271003549, 116996.796026316, 83490.3473852426, 85480.5197141822, 55496.3573172214, 46528.1772172153, 37508.737271063, 106505.743258967, 111506.9906, 53999.4230777677, 54999.4239410385, 71999.4478988433, 93999.4730878081, 
106999.556185036, 104999.487381939, 107999.490451499, 111999.580411675, 139999.53064638, 107510.887440716, 92516.7074940577, 113005.409645817, 112002.699243215, 39499.3967336053, 64499.4286623215, 78499.4465658236, 83499.4520855527, 91499.4643188901, 90499.4610592443, 111499.473257132, 112499.488978988, 113499.490108659, 131999.847678445, 37468.7569879219, 101005.09263474, 93499.0538618127, 111501.712544554, 36493.2864651112, 112542.898787663, 139986.962650646, 112981.618404822, 111999.480668681, 
93022.441002964, 83489.5386480018, 45009.1970861685, 93958.532742558, 123504.19760194, 141979.812845896, 139497.386011739, 82459.2733510835, 106999.494689648, 36499.3775864048, 37998.9210838033, 38985.3848458426, 39464.5045585791, 49442.8909726553, 37513.4414087143, 36490.7813764764, 29999.3616866525, 33999.3664940605, 47999.3850266682, 48999.3857210586, 47501.405686982, 83999.4303537374, 109999.46186801, 111994.885828683, 34499.3595577385, 91499.4721938297, 98499.440159875, 108499.453196429, 111499.481273805, 
130499.480070998, 138499.490340127, 126498.014071045, 138501.5927892, 48012.8880323591, 107566.467462465, 133967.583160327, 24006.3747952385, 49018.4380561141, 36499.3464453667, 126499.458987657, 128499.462517899, 132493.985333726, 44502.9724405175, 132448.653464397, 37558.3723067511, 36999.3318076385, 117999.440998398, 142512.632570546, 36989.594055037, 31996.1735367589, 23499.3143237447, 24499.3165258551, 33499.3274257695, 37499.3326013405, 38499.3337144209, 39499.3352459837, 59499.3599877749, 
111499.510844508, 139499.460040783, 113023.749876735, 138510.36845838, 135975.885973717, 106002.572384428, 28971.1062465776, 138011.584511231, 33009.0423402209, 32494.1496823914, 47957.4495538371, 98998.2566099474, 101496.743923456, 32978.9129968761, 117997.911859314, 50454.2964738281, 83478.0995071456, 107510.022806785, 87003.1208667466, 102015.401220895, 105494.308621105, 106499.403625126, 33988.3070009034, 98486.0564554399, 49460.3225720469, 42491.4941740716, 35496.8896179944, 24485.3229393819, 
32457.9213253157, 34999.3059869837, 42999.3164083492, 48999.3238755437, 49999.3253036626, 98999.3866421739, 130999.425881826, 106495.674765748, 122526.035532249, 128000.675984585, 86993.5390245588, 31981.2219110159, 29499.2920591384, 32499.2948119938, 35499.2989618387, 48499.3154505165, 49499.3168424061, 57499.3269715421, 56499.3931814115, 101499.386663685, 33015.0206700964, 133011.871447491, 56516.0411188165, 38986.6264475128, 33002.750163137, 32497.9640333159, 122523.931719761, 96999.3686621832, 
29961.2792690536, 128500.664969479, 103964.82803047, 58505.4808871197, 124001.192489096, 32491.0336943772, 36988.4752950147, 87011.3310716143, 145499.420048546, 33987.345590719, 56999.2829109039, 137980.523581237, 87966.2571395822, 37999.2786506731, 47999.2917774664, 88999.3428722005, 94999.3502946291, 57504.8463425748, 57982.7869665846, 56974.9873888111, 56499.3163547423, 90000.091776968, 49021.6335744662, 52517.1697680289, 57501.6108687827, 48002.4436061904, 48506.3629005384, 36999.2621863587, 
56999.287127628, 91999.3313358594, 126999.374115506, 93494.362781194, 55991.3356732205, 58500.3482077671, 58014.583192545, 56516.0644479794, 50963.4374917792, 88476.6764209028, 35506.4697846351, 123499.742958996, 51996.6353225857, 53503.1349270968, 36499.2542040329, 48984.2847239748, 51499.2725286605, 52499.2741815578, 56499.2797890482, 139442.389824573, 54052.3080504425, 34486.5971981836, 47999.1451037424, 50472.4030799698, 55513.5807148255, 46511.7474339493, 56486.6904375674, 137525.294174101, 
57477.6745970119, 47496.3758413661, 46999.3038524333, 53999.2678964287, 55999.2703792797, 88999.311708142, 125999.358091143, 127489.875867003, 92482.5749240145, 67973.9351204094, 56973.3093147269, 26499.2335497113, 32499.2335236212, 38499.2410412906, 39499.2427298231, 47499.2523483317, 54499.2614629725, 57499.2650377816, 101499.399063291, 122499.345583241, 127499.351804879, 47016.0250414405, 127998.968282939, 116512.141111046, 126005.207829986, 36501.948130683, 53513.2506850855, 56999.2561549628, 
40970.5308608627, 124496.199101723, 37974.3042080905, 48970.2971171038, 41995.4909579791, 128990.764496551, 129477.640635012, 126983.608442007, 31482.3007566892, 117504.573272469, 36499.679012401, 41999.2370425407, 154999.361513788, 42011.9530151086, 40499.2132719746, 52499.2273856243, 124499.317218806, 140499.336849282, 45979.6519805305, 52992.6901964182, 142503.054257893, 129972.075948455, 47981.5885305516, 142983.071844778, 132999.311459145, 140448.901191047, 49004.2302241037, 122010.898159104, 
27999.1739366874, 33999.1818871144, 115999.283382133, 32494.5731607331, 132498.207455116, 118499.279064114, 38512.2185303867, 118975.584947237, 135972.416578712, 136999.293543936, 134998.78413264, 119472.071824371, 124509.608837128, 29999.1451628059, 40999.1597726736, 117999.254757583, 46499.203791257, 116997.14729146, 145974.16005642, 36999.1390977306, 141999.268581935, 137988.498035318, 108025.649486641, 143002.273572219, 119452.388713404, 132006.337073462, 40462.714121432, 136999.258312253, 143499.24692189, 
141977.46317893, 142514.194471986, 144493.434869682, 135481.776865604, 111496.699601074, 141999.247886514, 144999.224901713, 143499.215952991, 146009.298320257, 139013.898995535, 144971.749578724, 139941.505807492, 145496.983065262, 156499.215762313, 142471.037636055, 143999.193253647, 144999.194606515, 147499.18922526, 149499.191798061, 158005.909836971, 150499.231530352, 148499.174931395, 155999.175882944, 155499.167842444, 144011.043476257, 146482.407918704, 153007.455421905, 98011.872662331, 
143524.415079748, 142983.210674518, 96998.075026162, 104999.084177261, 147999.135182407, 149999.137598778, 146982.933080439, 98499.0676598707, 103499.074114477, 146499.135284375, 146999.118215126, 118503.366545619);815;62,4042879019908;554;42,4196018376723;218;16,6921898928024;106;8,11638591117917;50;3,82848392036753
"Erabliere";36;153,830961215549;157,872667387253;169,997785902367;217,812208509838;285,495307371676;c(113499.743742847, 135499.475789627, 136521.87490049, 153499.546119524, 157480.157504349, 158499.693334936, 167480.86999857, 180490.866097657, 180513.464510074, 181493.236003624, 186495.458453072, 191478.707147339, 192491.535811164, 192507.532916447, 194499.274287078, 196466.379401259, 197499.268953634, 203502.827409508, 204499.444583219, 206499.222428293, 209499.264213736, 214483.497017868, 214499.729267981, 218490.044587092, 218499.905599879, 230499.175764199, 231542.433150362, 235499.131935173, 
236520.296362695, 237488.52148809, 240509.11712862, 242497.461533081, 245499.888287834, 249499.354740231, 265500.122785562, 266500.16689837, 131000.394806876, 93000.1719625527, 134006.160658345, 99000.0394488564, 116509.554965325, 116500.094300988, 87500.989587578, 99021.9149021711, 108989.825137082, 132488.732890887, 81993.7901737019, 58021.8064650875, 133991.005056663, 135504.057097294, 61499.7399863722, 102491.011094423, 55999.6418381287, 55990.8142845668, 77499.6155376136, 48499.5631021569, 51999.5731757665, 
52980.644450319, 112499.582577652, 97019.703541751, 134499.577992912, 38499.3645279258, 134950.667806083, 31999.3178115273, 25476.9724866394, 36522.1014862256, 37493.6842599558, 36992.0992923258, 127999.360547805, 61999.32886374, 154999.237497938, 160499.235771858);19;52,7777777777778;17;47,2222222222222;14;38,8888888888889;7;19,4444444444444;0;0
"Frenaie";67;179,887394981702;185,055783238279;200,560948008009;212,578510087688;259,452270822343;c(85525.7147379323, 89499.884512682, 93499.8898440743, 96499.7800358231, 99502.5384656455, 100513.280220764, 103510.710246326, 104499.633919174, 104499.759261366, 113499.641971889, 123497.566856567, 133511.334917009, 135499.686584831, 135499.788244684, 136492.640660513, 136513.519185114, 137499.673569322, 137511.011293888, 140505.34195261, 145499.421322623, 146499.853386686, 148499.676154459, 150499.692113173, 151507.641473989, 152483.505811591, 152499.782884006, 154499.543550271, 157471.211327746, 
162499.60848026, 165499.733281306, 166499.746262587, 171499.850257113, 172507.607411034, 178499.699252708, 182499.704328056, 183499.842085432, 183538.663660957, 187504.355618044, 190499.605532347, 190499.761264706, 191547.386577539, 193499.885967601, 196498.496189029, 197486.499325266, 197499.720206435, 199499.823314348, 200496.378248236, 207499.886576504, 210499.662722849, 212498.621441763, 212500.512039333, 215502.96102032, 218499.145470796, 220499.923649523, 224503.717067308, 226499.884306523, 
227500.289593986, 228484.262762989, 228487.267169712, 232493.341322167, 235488.486643832, 235501.850417386, 236499.09078425, 239499.137023257, 239505.171398067, 248498.74969929, 251514.306661088, 136503.633642459, 153000.611804589, 153000.580538344, 138500.537434707, 149008.011367704, 154000.673958049, 116003.970341189, 118500.448554525, 134500.469735843, 118000.377526551, 131504.230621523, 107489.688105023, 120000.207871508, 133000.224838782, 117996.803088281, 108515.421370399, 118000.189273594, 
117508.007924628, 107990.575812797, 87000.1094651017, 139500.147457336, 116500.102062236, 121500.11764013, 80955.289417793, 107489.561767788, 129500.087088942, 98500.0317225475, 112493.042257254, 105499.978169957, 120999.974816491, 122499.969146254, 134999.945767482, 93014.2958307061, 114499.864991788, 114499.834052179, 131999.848687889, 130964.899329537, 111497.161924784, 100499.753385173, 120499.779195718, 85986.5896846326, 135999.775428666, 132004.287235795, 126487.790757845, 111999.715615726, 
126999.717432343, 101984.22185365, 133499.240486327, 106499.592566444, 122497.170189925, 109012.439457892, 128489.508121083, 36499.5319581982, 136499.565482906, 128986.787947392, 130499.511367955, 37972.5730268359, 27501.939447538, 128999.694160684, 135505.590043696, 139030.001601459, 34004.7808723142, 26499.3028546292, 31999.2870695824, 27518.7138402797, 155480.527034697, 140973.557689355);39;58,2089552238806;36;53,7313432835821;21;31,3432835820896;17;25,3731343283582;2;2,98507462686567
"Hetraie";648;229,471441823323;234,885759617096;258,348593171027;274,026607552577;301,528562014775;c(79499.7141480045, 82499.8476909094, 89499.7708637128, 91499.8400844727, 93499.8505744025, 98499.9144671046, 98499.9161019883, 100490.830269962, 100499.871611329, 104499.735774646, 104503.798377776, 105499.76449813, 111492.028125914, 115483.286099656, 115499.918812716, 115499.973788247, 115531.885543873, 116480.18411923, 117499.738567064, 117499.85866234, 121482.650476036, 121499.874043451, 121499.887460191, 122499.892696054, 123499.893954736, 125499.736029988, 127490.007583423, 128492.306851549, 
133499.35627017, 134499.478365466, 135499.467991403, 135499.866492674, 135510.112812538, 136499.879535382, 136523.41354492, 137499.52518267, 137499.892586992, 138499.382296397, 140499.478468886, 140509.27928165, 141499.552970087, 141499.678793833, 141499.952639773, 142504.326504412, 143496.596320701, 144499.277204692, 146499.462946278, 147520.796522119, 151496.823935029, 151499.387734436, 151499.41886987, 151505.041945898, 152429.765034832, 152499.385208081, 153499.522771702, 153509.424531428, 153516.009859254, 
154485.000863082, 154494.657229894, 154499.341101938, 154500.004602111, 154500.012439025, 154505.092128788, 155468.132127246, 155500.009815845, 156495.867811363, 156510.8587166, 157499.390210349, 158455.360028432, 158499.379207146, 158499.393025067, 159516.197869358, 160499.894831632, 160512.620914429, 161492.136238503, 162499.660442705, 163500.968495362, 164490.1621185, 165490.747952563, 165499.676686382, 165499.703450848, 165500.046063303, 166499.691621551, 167494.551631146, 167499.48642673, 168499.62402724, 
168499.80778393, 168499.983289967, 169475.619028825, 170499.478624141, 172517.54575805, 174513.565623624, 175507.997174995, 176499.930882175, 178499.717736365, 178499.746044388, 178499.841817459, 179524.574510925, 180518.317131084, 181499.792755564, 181523.531051445, 182499.657547148, 184488.961011684, 184488.993130912, 184497.132720121, 184498.475976879, 184500.605988181, 184506.985915241, 185499.978810544, 186499.317371723, 186499.382757009, 187473.528398173, 187499.380129011, 187501.26376476, 
187502.753622712, 187504.115433405, 188519.108525986, 189499.474548997, 189499.756102718, 189499.857516467, 190499.27929804, 190518.733148269, 191498.705562651, 191499.852286659, 191540.539237959, 193499.722241576, 194499.400802292, 194499.431843182, 195490.993763062, 195494.661146259, 195502.850358406, 196493.434232965, 196519.57939314, 196520.57304829, 198499.475772003, 198510.360235609, 199487.798352469, 199495.211238961, 199497.906557446, 199501.048215005, 199501.867957971, 199525.965040459, 
200482.774933409, 200503.212889627, 200540.606681173, 201492.820090012, 201499.297298985, 201499.305088515, 201499.32827623, 201499.807187087, 201508.579031053, 201512.373584667, 202491.563307562, 202499.416538014, 202499.465378136, 202509.561178079, 203480.563384207, 203483.500470261, 204367.059051283, 204479.669127793, 205499.224988035, 205499.310166602, 205499.457519711, 205499.473018089, 205505.436289478, 206499.23790971, 206499.26365003, 206499.268846065, 206499.307627076, 206499.500641664, 
206499.92180968, 207400.51250402, 207496.32309378, 207499.212119378, 207499.250810733, 207504.742544162, 207504.879003274, 207505.452343088, 207508.584107293, 207511.90003939, 207512.246425652, 207513.683185962, 208473.586166266, 208479.275150418, 208484.292593469, 208487.125627946, 208490.167558698, 208492.035886508, 208499.248234151, 208504.072004761, 208508.917212407, 208509.872133843, 208513.731120816, 209483.99333152, 209499.222403058, 209499.261071859, 209499.448757783, 209499.478149409, 209499.760115861, 
210490.81693589, 210491.050905005, 210499.243025202, 210499.275461231, 210499.297192077, 210499.700873079, 210499.732018253, 211488.05697197, 211497.005720611, 211499.188200599, 211501.106474324, 211504.684446554, 211511.8305973, 212476.751391318, 212483.616979592, 212485.400322172, 212496.842063269, 213499.304958294, 213499.359164189, 213499.483210018, 213499.48521605, 213499.803880801, 213516.481191555, 213520.764664336, 214499.232644126, 214499.28318551, 214499.286803249, 214508.540160814, 215485.369820788, 
215485.752700447, 215485.949375976, 215486.871955663, 215489.591411688, 215494.58442775, 215495.805437564, 215498.045360566, 215499.261022655, 215499.493504758, 215505.229633723, 216473.463431265, 216479.888836499, 216481.058131226, 216481.659685351, 216487.921184165, 216493.840336201, 216494.535909131, 216494.749099857, 216499.181101276, 216499.258434178, 216502.547901174, 216503.135473299, 216543.591552482, 217480.108286154, 217484.666823361, 217495.834197528, 217499.20651523, 217499.56025561, 
217499.640118818, 218461.872025878, 218467.7332811, 218477.069686849, 218483.262511639, 218492.926169907, 218499.175955183, 218499.384876947, 218499.39257412, 218508.119980509, 219467.509349676, 219480.612647813, 219486.34506131, 219486.812728967, 219497.452412864, 219499.072416253, 219499.150142997, 219499.165099031, 219505.381350853, 219505.672617503, 219507.908071553, 220451.732429388, 220482.334526019, 220495.02384867, 220497.303569864, 220497.536870171, 220497.994960148, 220499.263540125, 220499.534730803, 
220504.697781295, 220514.495609312, 220522.11920341, 220568.007516548, 221484.091810695, 221488.143906341, 221499.160453419, 221499.175872647, 221499.222247185, 221499.237700105, 221499.245472246, 221499.415798625, 221499.439002065, 221499.454550521, 221499.51662499, 221499.524337503, 221499.532144877, 221499.547643629, 221499.570941703, 221509.352213938, 221518.854477628, 222496.535858311, 222499.521744535, 222499.529518089, 222499.534771341, 222499.544997615, 222499.552783846, 222499.560511485, 
222499.583837129, 222499.630417008, 222508.276160485, 222509.223110623, 222510.821726846, 223478.318327565, 223492.809890934, 223505.846980098, 223506.502156019, 223523.194677834, 224456.158084038, 224472.319911323, 224489.273136419, 224495.500672186, 224499.152695958, 224499.22992352, 224499.287947864, 224499.424442409, 224508.008541534, 224511.387322587, 225485.75985133, 225498.59003846, 225499.173287806, 225499.442317159, 225499.468410982, 225499.505182618, 225499.537134867, 225499.549430726, 
225499.560420216, 225499.664891204, 225499.793595396, 226487.775212751, 226499.132058178, 226499.186141224, 226499.253206048, 226499.28659809, 226499.526784557, 226499.534544223, 226499.642088394, 226499.666480474, 226499.67429547, 227465.47381002, 227467.911852051, 227479.37762432, 227479.481897301, 227490.028380067, 227491.543142641, 227492.211622341, 227493.823672043, 227496.311852253, 227496.492480578, 227499.27627593, 227499.297139646, 227505.006564168, 227505.671043134, 227510.358115986, 227519.494586068, 
228455.47195425, 228482.63041605, 228486.575337303, 228489.022360688, 228491.508866767, 228498.609834435, 228499.196364043, 228499.235039737, 228499.273676583, 228500.129904571, 228502.448396537, 228509.830862386, 229492.380944924, 229499.101161313, 229499.140862915, 229499.147448777, 229499.155211251, 229499.178366779, 229499.271085139, 229499.59648244, 229515.401428667, 230472.479008033, 230480.111367949, 230493.811879123, 230499.060023234, 230499.245298165, 230499.260764429, 230499.609359205, 
230499.717057235, 230499.920453202, 230499.959451386, 230499.967193025, 230520.815935016, 231481.971412962, 231486.634626315, 231488.484577976, 231497.011952029, 231497.575678696, 231498.366804499, 231499.165456193, 231499.28135269, 231499.980156388, 231503.243193228, 231503.532300311, 232476.944513229, 232477.210963098, 232490.555974367, 232490.661683819, 232494.167068891, 232498.304229392, 232509.051188313, 232539.448233527, 233499.881343391, 233499.928059193, 233521.656760697, 234480.13320198, 
234499.080523094, 234499.149937157, 234499.265808915, 234499.327659965, 235474.239641226, 235482.137239073, 235491.084237871, 235496.445631437, 235499.712657882, 235503.903727687, 235504.346908311, 235508.44267147, 235509.140635142, 235512.864663949, 235530.179712641, 236474.048780589, 236474.061974068, 236481.926526632, 236483.15032208, 236491.709675822, 236495.23274627, 236497.986440456, 236500.668935359, 236503.305482008, 236509.80015471, 236519.734564772, 236521.8240647, 237499.142192292, 237499.149914228, 
237499.180811894, 237499.281244216, 237499.660782828, 237499.668527998, 237499.964157228, 238474.954327938, 238499.077867333, 238499.130408821, 238499.517607983, 238499.665889071, 238499.96145357, 239460.106214488, 239482.189544667, 239486.863797943, 239487.996784111, 239491.850081749, 239492.081550526, 239496.784521226, 239499.531390986, 239502.114579622, 239504.446226786, 239506.174531419, 239520.239403003, 240484.313684918, 240488.617927018, 240491.054953887, 240492.160296742, 240494.081992883, 
240495.59066957, 240499.173018761, 240499.327534966, 240499.753880609, 240502.059054602, 240502.673101403, 240503.180423755, 240506.769868834, 241486.5305288, 241487.400009296, 241498.607653649, 241499.161775858, 241499.162676136, 241499.170424221, 241499.292025412, 241499.619220516, 241507.57277711, 242484.29564091, 242499.167786826, 242499.17325829, 242499.18327135, 242499.283620301, 242499.337731601, 242499.668318275, 242499.670869901, 243487.70766712, 243492.266062372, 243496.675674954, 243499.022376917, 
243499.296515219, 243504.044630194, 243506.399887537, 243518.81771807, 244487.53721582, 244497.540127751, 244499.255229259, 244504.643493454, 244507.307768914, 245496.264876258, 245499.11249716, 245499.206323656, 245499.291255504, 245499.306727884, 245499.320340385, 245499.322163799, 245499.620713855, 245499.662948213, 246495.538002334, 246499.157419631, 246499.254458087, 246499.293494115, 246499.304097088, 246499.308024855, 246499.327325274, 246499.660325085, 246499.996917111, 246539.213670613, 
247475.629024174, 247479.133773533, 247489.920888743, 247499.108572826, 247499.325738882, 247501.768068365, 247515.799567588, 248458.361922504, 248474.518242966, 248475.843999647, 248479.128358722, 248488.370931036, 248495.797536534, 248500.331868313, 248503.056145957, 248511.86443046, 249488.902209596, 249499.180471815, 249499.19724135, 249499.667891307, 250499.116237508, 250499.154781282, 250499.255059628, 250499.285958429, 251465.17503689, 251467.924463523, 251494.777267166, 251499.613011261, 
251500.121519845, 251505.253569967, 251506.305518715, 251509.867709206, 251512.351507118, 252479.195845585, 252499.924096651, 252511.776737765, 252514.399396905, 252521.322936746, 253499.16237959, 254499.841040992, 254499.934289676, 254499.949847201, 255477.895911431, 256489.486683696, 256519.627798175, 256527.750581306, 257483.653246857, 257499.949625769, 257505.516794395, 258499.226532859, 258499.257334794, 259493.961590522, 261492.177364415, 262499.980312718, 262508.410778803, 264412.71165601, 
264500.0085347, 264501.992050328, 264512.046425857, 265498.888259806, 265500.037134179, 266500.042230923, 268485.570734161, 268508.671480541, 268511.854283491, 269500.003112847, 269500.034153274, 269500.127606539, 269508.138672919, 269513.872427439, 270500.015923895, 271494.068182527, 271496.097162091, 271509.829580098, 272496.54232604, 272499.831878185, 272499.948351833, 272508.486524317, 273492.828874395, 273499.697303915, 273499.813630705, 273499.844609832, 273500.085662242, 273509.439923095, 
274486.496901901, 275490.350342505, 276483.676281475, 276494.958564441, 278505.739067329, 279497.655137329, 280499.802726345, 281494.587268628, 281499.800066191, 282499.867180503, 282507.216973534, 284479.121967411, 284508.400910128, 285509.119827649, 286497.684638988, 287507.771484863, 287512.105956594, 287513.870445444, 288482.628573643, 288486.58535448, 288492.639967669, 288504.144908307, 289499.918274708, 291500.087389491, 133000.663957685, 149500.661647368, 142000.612456456, 147000.588510152, 
148000.57431898, 156500.621514566, 155500.544804437, 153013.285683418, 149500.520352844, 131500.465164854, 133989.939221091, 135000.462204889, 132486.42685542, 130939.669678123, 153000.4073654, 160000.416571658, 155966.925250576, 153008.841599585, 132000.384183055, 145000.381585277, 147490.423300269, 147000.332759047, 148000.353533235, 148500.347402438, 148500.338691213, 128000.296474946, 127507.57248811, 127004.187711973, 78000.1683266647, 93500.1804433921, 92000.1707534418, 143000.238118064, 142496.740506581, 
144500.232519068, 145458.90344169, 99000.1645768303, 146000.226378541, 80500.1326866336, 92500.1333394572, 79004.626135339, 107000.181679444, 118000.158931011, 153000.203254402, 77012.0564499106, 142494.105499718, 103496.882009867, 89500.0822204622, 155992.241276904, 78489.9447016269, 79000.0290990192, 83000.0347937094, 83478.5812804429, 79013.9528615847, 78500.0213410947, 96000.036413067, 92455.5755650681, 77496.7691894695, 156996.106408501, 157993.691411952, 72499.9980533998, 157500.107802926, 
158500.10941701, 93006.5784404753, 117487.562211169, 158000.100880943, 92031.3040465191, 158992.404650609, 77000.0726382649, 147006.915993968, 76500.0625962447, 78499.9738041647, 148513.753825023, 142500.041405445, 143489.84558977, 81487.900777665, 116500.071242387, 87485.1217832742, 86994.1090925448, 156514.71387586, 112000.010658579, 117000.019184222, 161000.025695888, 115499.960492858, 101477.629890785, 88999.9182347627, 106499.932874532, 100451.63184628, 152499.992120159, 96476.6021735854, 87499.8925978215, 
81997.5275198389, 102005.93880722, 158495.194879778, 144499.918605244, 121499.87146356, 120499.873063968, 121989.515630372, 120964.25840873, 122497.583129256, 125999.855878433, 126492.421265234, 108499.825744165, 72984.062554555, 113992.001599193, 116982.414622597, 117962.824116845, 72493.8407609873, 77490.1779905874, 72480.5054131122, 61499.8206983507, 72499.7487778654, 56518.0480913268, 71999.7403756035, 55971.21594101, 72486.0145517439, 70989.4327716082, 67011.328085226, 81999.8204317838, 119999.785828191, 
132999.803363531, 58499.7000382086, 121999.578971609, 85026.8467191355, 131999.785501417, 130985.609590009, 114999.74938205, 73499.6877455404, 77499.6927389354, 74014.8858833155, 80959.0556314234, 81458.3300421434, 78996.6871536309, 80496.310282914, 60502.5635619778, 82499.6686088424, 71980.9995887903, 77997.2760890489, 78502.2251161169, 66515.5034659151, 63515.7322753966, 73510.5509254737, 61041.2860636879, 99526.3977939989, 73005.8475067206, 79486.3397134123, 62478.8962469678, 58999.6155117797, 
59999.6160157761, 62999.6209133333, 126999.694982499, 76514.1704217913, 81499.6244654413, 57986.2924379883, 76499.7213639403, 80499.6349448301, 77019.0530466186, 56517.610347393, 72491.4825826557, 49048.1662422679, 49440.852393155, 48999.5710540405, 59999.585153982, 78999.6099927034, 80999.612317563, 47499.3737073969, 50499.565114622, 51499.6090500867, 54499.5709663685, 59499.5773020079, 81499.5889712647, 138499.676964707, 81381.8830115618, 52527.3619869519, 46999.553534246, 51999.5597742535, 88502.3982188683, 
80998.7001904771, 48497.3593039326, 58414.7390409969, 89960.6384708527, 51496.1769748712, 60017.4418738782, 68523.3216003999, 63486.7392419195, 47502.755705188, 79504.874511159, 67496.9313533138, 61975.774112314, 51499.5509687494, 79006.8461568439, 68994.0040224362, 125492.861846032, 133508.859370834, 81499.0109084928, 47999.5387555091, 52999.5455747088, 81999.6248461939, 80999.581018405, 116999.622325656, 47999.377496765, 46971.5748573476, 50499.5348572452, 51499.5692997212, 57499.5441022441, 109499.609153383, 
113499.614550648, 78503.9252875447, 42490.7199136214, 78997.8225695742, 52992.3121871613, 50997.8100457592, 49988.5510733677, 64505.1561094476, 83010.9616689915, 63987.9068330312, 42964.1471862569, 57999.5206268877, 64999.5295618856, 80999.5497092828, 81999.5347316749, 121999.658486338, 51518.6701230248, 42505.7853586515, 48499.5014960803, 51499.5173404645, 55499.5104490817, 82006.1265600407, 56535.4496813864, 78013.8336089626, 53493.5068692416, 52995.1840477493, 53995.3338537393, 55995.4045990091, 
82507.9720599009, 48001.6293297848, 51999.4982802803, 81999.5364719238, 48521.5209451774, 82486.5196207734, 72990.8772083055, 52023.0267855665, 52507.3540381854, 63997.1598088834, 47512.4665560871, 42487.7239653049, 83990.3575940467, 41499.476157859, 51499.4891990507, 75500.7406929368, 53501.7335420037, 54040.7285735868, 41477.4595153425, 87495.6508695865, 86504.5684570521, 46999.4691621317, 86999.6161650885, 96999.5426048767, 51979.7362764683, 68010.6850901945, 46982.8651117235, 52986.140961241, 
82998.9358964553, 40499.4594766703, 67499.4939616732, 68499.4961790917, 47992.5101253418, 85052.9996244358, 83996.4246759713, 63978.1041999422, 53009.8874091348, 40984.7863354757, 49002.197605513, 36999.4472561181, 52503.1439083861, 73001.2676444873, 51482.0783377346, 48461.0353608504, 88042.8836944131, 85494.4089076873, 84004.1161502209, 37993.4438293232, 137007.381417, 73978.7401611386, 51499.4588306295, 86499.5027015693, 40570.0224354453, 86980.6260954952, 84460.4351381268, 74460.7655421626, 46482.3694439996, 
87507.4509372404, 37999.4334930712, 39999.4357015928, 45999.4438323416, 47999.4465734893, 48999.4472246207, 70999.4754964197, 73999.479672607, 75999.4813440628, 83999.491474662, 84999.4934446001, 85999.494726181, 87999.4975406844, 90999.500534717, 136483.180980242, 86491.8244917849, 47967.1087217713, 84499.4853265695, 85499.4856039099, 91499.5779008148, 87499.4886008035, 88499.4902576171, 89499.4913095692, 92499.4944229564, 98499.5020791525, 71986.2402149066, 88005.2929440225, 52004.5500267493, 71501.4183348194, 
83995.4642449729, 40979.792809003, 89975.3482772261, 84976.6665312452, 87486.9547305498, 92507.9160156772, 54463.7499287678, 88992.1127301529, 36499.4089112375, 46499.4210502179, 53999.4309337419, 53482.663452452, 52944.5036152275, 91996.6571945138, 71515.5921612997, 121481.419008421, 38999.4043728514, 86485.4155980339, 81999.5145662874, 86999.4485950833, 85999.4637223082, 91999.5058149211, 88999.4670883017, 101999.557085304, 118999.505023575, 78017.522102559, 33499.3893903866, 40499.3984262897, 
51499.398129697, 53499.414587833, 84499.4535936574, 85499.4555158084, 101999.561072209, 102499.476037523, 103499.477326828, 86028.1751301046, 52533.2968541272, 51493.8262586473, 82499.6635752665, 48471.400375085, 47486.0682870233, 93980.2679406507, 83004.4514212925, 104009.702533231, 50954.3440499958, 51999.4054433806, 102485.089246195, 90980.8890751377, 103487.455769578, 52998.7787262723, 102981.960621465, 104519.743881722, 46985.2575296517, 37000.675219764, 48500.3179693781, 83994.3278259039, 54451.1905105328, 
41499.3843880994, 46499.3900501039, 51499.3964691143, 47998.9035454579, 47492.131761658, 87012.1825142, 92490.8943031617, 28999.3602414504, 36999.3576331288, 34999.3681291016, 35999.3689849954, 38999.3726743087, 50999.3880309919, 92999.4409335833, 82494.9188975329, 37994.2456477555, 23001.6123405956, 47980.5909041995, 23499.3455174072, 47499.3757833922, 49499.3783391295, 94499.4352474641, 106499.502545639, 134499.485472986, 139499.4908234, 140499.491950499, 37070.1181764286, 33990.6989273066, 140000.718357083, 
35996.9184796065, 66018.854934643, 47498.9922169195, 34990.2265808824, 36999.3546610177, 51999.3742059804, 141999.485983633, 48494.4552153694, 139015.779744375, 22989.7278039139, 36985.3996122293, 133497.777581608, 32972.7976159779, 47994.71576933, 48474.3370798258, 47492.4721827917, 49456.3347671572, 128999.454809544, 134999.462176163, 112504.841429847, 32970.167259858, 25499.3176997527, 34499.3282090873, 49499.3478354532, 57499.3575905245, 48483.3575136354, 33672.4080014937, 38000.9865594078, 34964.8275664989, 
106999.411530077, 24983.5748378299, 47470.2068386944, 102500.593874342, 49037.3413048722, 26003.3732649311, 49939.1777530974, 48546.5954351658, 47992.8342694119, 33500.7696425905, 99491.2885817308, 38493.1602863576, 118484.896893285, 84498.4279902577, 99017.4583807737, 59001.4356602505, 143996.942201146, 59488.1603921205, 29478.4218151178, 32999.3041865984, 33999.3054858753, 37999.309616344, 50999.3263202906, 99999.3881591884, 100999.38936185, 138999.435437239, 97982.7924893899, 24499.2857264681, 
36499.3107366115, 36979.1090094717, 100499.380695945, 138499.42719204, 34978.6539893774, 38499.3240282917, 37527.2457446372, 82490.4081525123, 28005.2971732868, 28486.3214744972, 118472.525439137, 82999.3516729623, 33496.3645903561, 23499.5448216926, 37993.0108288731, 35978.4030477339, 59000.3534954134, 121968.890825734, 57494.4633304244, 113982.811665857, 38007.5992392953, 137490.442266388, 36499.285419059, 56499.3098336169, 111499.378605305, 138523.393652422, 33007.3268716037, 38991.3701093746, 
34478.1548249479, 37481.1331700897, 151502.328739299, 36523.8603464877, 36999.3276773347, 34999.2753067529, 35999.2764193388, 56999.3705112832, 93999.349724873, 56503.4791702293, 93018.6613261243, 35499.2679701205, 36499.3152672835, 37499.2706879992, 50499.2866761563, 57499.2957879007, 101499.440555437, 100499.349722703, 37997.9121766975, 99004.1751214713, 102996.401970255, 118475.595173436, 51999.2815525578, 51485.0255311849, 37477.1672555674, 49985.2685701353, 53023.6968545336, 99509.7099100873, 
46499.2671100926, 49483.6451544948, 91990.5959710563, 36515.0457447013, 31999.2914854567, 39999.2505935896, 50999.2645673594, 52999.2667583618, 56999.3215228776, 54999.2698367722, 91999.3548662858, 98999.3241929086, 33001.9845243925, 33499.2352210274, 46499.2885691049, 51499.3196833385, 52499.2591167986, 56499.3411154719, 55499.2621780066, 98499.3160937289, 141499.454173043, 51926.109463647, 55981.2018790385, 53989.5279894527, 126491.112621466, 26999.219369404, 52515.44882668, 36016.9411850842, 26504.0254450347, 
128509.065826702, 123505.66054503, 26974.7657269603, 34010.2213213686, 56996.8753672373, 62933.5268083327, 53493.2984063895, 52985.9562451802, 37020.0519745918, 26485.4785654349, 35999.2152764797, 36999.2402846813, 98999.2935943985, 27499.1963497819, 32499.2030231645, 45499.2193757026, 49499.2242629044, 32513.967506906, 53972.562105177, 49001.2167244451, 123990.106695203, 156999.348359291, 39993.708733635, 53476.2393977307, 47503.002674845, 46497.8190817907, 33991.2663572766, 131499.310176013, 48007.4803737355, 
38507.5130465291, 35493.3707678048, 32999.1806249721, 120499.280644245, 132499.295987187, 134499.298381493, 133000.619943698, 135471.599658864, 129459.22530311, 44497.8197183106, 36482.8873234503, 133999.273987926, 121504.011060028, 40499.150895739, 44499.1564329406, 91517.9976144005, 142501.815108529, 141499.263678662, 142998.328373081, 144046.352829774, 143485.165590249, 136993.31538451, 110482.916834353, 141498.884899016, 143999.22372374, 144499.217002749, 140456.63890093, 122006.59457715, 143520.494940112, 
141999.219067427, 142999.191577109, 154999.205852983, 141510.517242538, 142482.858566032, 140499.180432302, 148467.431069152, 143005.297909567, 140970.830921428, 143007.717887067, 116499.135909013, 131499.154859092, 142452.78892534, 142488.066164802, 98999.1072137179, 113999.125210905, 116999.199201276, 148999.167967341, 117508.104631772, 142975.818451218, 137981.976289536, 149439.929244136, 133015.157204608, 101975.16020829, 110997.613978292, 111499.068674146, 122501.426125175, 110999.059776636, 
119499.062532908, 132995.473252614, 118998.452274273, 114471.35508131, 111464.04697353, 133004.61727991, 118988.794741207, 118521.806578866, 117983.985671625, 132002.944201075, 133013.16017195, 132499.584160314, 118986.802377422, 124999.014824319, 126498.224049103);193;29,7839506172839;167;25,7716049382716;79;12,1913580246914;49;7,56172839506173;21;3,24074074074074
